ISO-10303-21;
HEADER;
FILE_DESCRIPTION(('STEP AP242'),'1');
FILE_NAME('0430250800.stp','2024-10-22T10:54:00',('TraceParts'),('TraceParts S.A.'),'Spatial InterOp 3D',' ',' ');
FILE_SCHEMA(('AP242_MANAGED_MODEL_BASED_3D_ENGINEERING_MIM_LF  {1 0 10303 442 1 1 4}'));
ENDSEC;
DATA;
#1=PRODUCT_DEFINITION_CONTEXT('',#9,'design');
#2=APPLICATION_PROTOCOL_DEFINITION('INTERNATIONAL STANDARD','ap242_managed_model_based_3d_engineering',2014,#9);
#3=PRODUCT_CATEGORY_RELATIONSHIP('NONE','NONE',#10,#11);
#4=SHAPE_DEFINITION_REPRESENTATION(#12,#13);
#5= (GEOMETRIC_REPRESENTATION_CONTEXT(3)GLOBAL_UNCERTAINTY_ASSIGNED_CONTEXT((#16))GLOBAL_UNIT_ASSIGNED_CONTEXT((#18,#19,#20))REPRESENTATION_CONTEXT('NONE','WORKSPACE'));
#9=APPLICATION_CONTEXT('managed model based 3d engineering');
#10=PRODUCT_CATEGORY('part','NONE');
#11=PRODUCT_RELATED_PRODUCT_CATEGORY('detail',' ',(#22));
#12=PRODUCT_DEFINITION_SHAPE('NONE','NONE',#23);
#13=ADVANCED_BREP_SHAPE_REPRESENTATION('0430250800',(#24,#25),#5);
#16=UNCERTAINTY_MEASURE_WITH_UNIT(LENGTH_MEASURE(1.0E-06),#18,'','');
#18= (CONVERSION_BASED_UNIT('MILLIMETRE',#28)LENGTH_UNIT()NAMED_UNIT(#31));
#19= (NAMED_UNIT(#33)PLANE_ANGLE_UNIT()SI_UNIT($,.RADIAN.));
#20= (NAMED_UNIT(#33)SOLID_ANGLE_UNIT()SI_UNIT($,.STERADIAN.));
#22=PRODUCT('0430250800','0430250800','PART-0430250800-DESC',(#39));
#23=PRODUCT_DEFINITION('','NONE',#40,#1);
#24=MANIFOLD_SOLID_BREP('0430250800',#41);
#25=AXIS2_PLACEMENT_3D('',#42,#43,#44);
#28=LENGTH_MEASURE_WITH_UNIT(LENGTH_MEASURE(1.0),#45);
#31=DIMENSIONAL_EXPONENTS(1.0,0.0,0.0,0.0,0.0,0.0,0.0);
#33=DIMENSIONAL_EXPONENTS(0.0,0.0,0.0,0.0,0.0,0.0,0.0);
#39=PRODUCT_CONTEXT('',#9,'mechanical');
#40=PRODUCT_DEFINITION_FORMATION_WITH_SPECIFIED_SOURCE(' ','NONE',#22,.NOT_KNOWN.);
#41=CLOSED_SHELL('',(#46,#47,#48,#49,#50,#51,#52,#53,#54,#55,#56,#57,#58,#59,#60,#61,#62,#63,#64,#65,#66,#67,#68,#69,#70,#71,#72,#73,#74,#75,#76,#77,#78,#79,#80,#81,#82,#83,#84,#85,#86,#87,#88,#89,#90,#91,#92,#93,#94,#95,#96,#97,#98,#99,#100,#101,#102,#103,#104,#105,#106,#107,#108,#109,#110,#111,#112,#113,#114,#115,#116,#117,#118,#119,#120,#121,#122,#123,#124,#125,#126,#127,#128,#129,#130,#131,#132,#133,#134,#135,#136,#137,#138,#139,#140,#141,#142,#143,#144,#145,#146,#147,#148,#149,#150,#151,#152,#153,#154,#155,#156,#157,#158,#159,#160,#161,#162,#163,#164,#165,#166,#167,#168,#169,#170,#171,#172,#173,#174,#175,#176,#177,#178,#179,#180,#181,#182,#183,#184,#185,#186,#187,#188,#189,#190,#191,#192,#193,#194,#195,#196,#197,#198,#199,#200,#201,#202,#203,#204,#205,#206,#207,#208,#209,#210,#211,#212,#213,#214,#215,#216,#217,#218,#219,#220,#221,#222,#223,#224,#225,#226,#227,#228,#229,#230));
#42=CARTESIAN_POINT('',(0.0,0.0,0.0));
#43=DIRECTION('',(0.0,0.0,1.0));
#44=DIRECTION('',(1.0,0.0,0.0));
#45= (NAMED_UNIT(#31)LENGTH_UNIT()SI_UNIT(.MILLI.,.METRE.));
#46=ADVANCED_FACE('',(#232),#233,.T.);
#47=ADVANCED_FACE('',(#234),#235,.T.);
#48=ADVANCED_FACE('',(#236),#237,.T.);
#49=ADVANCED_FACE('',(#238,#239,#240,#241,#242,#243,#244,#245,#246),#247,.T.);
#50=ADVANCED_FACE('',(#248),#249,.T.);
#51=ADVANCED_FACE('',(#250),#251,.T.);
#52=ADVANCED_FACE('',(#252),#253,.T.);
#53=ADVANCED_FACE('',(#254),#255,.T.);
#54=ADVANCED_FACE('',(#256,#257),#258,.F.);
#55=ADVANCED_FACE('',(#259,#260),#261,.F.);
#56=ADVANCED_FACE('',(#262),#263,.F.);
#57=ADVANCED_FACE('',(#264),#265,.F.);
#58=ADVANCED_FACE('',(#266),#267,.F.);
#59=ADVANCED_FACE('',(#268),#269,.F.);
#60=ADVANCED_FACE('',(#270),#271,.F.);
#61=ADVANCED_FACE('',(#272),#273,.F.);
#62=ADVANCED_FACE('',(#274),#275,.T.);
#63=ADVANCED_FACE('',(#276),#277,.T.);
#64=ADVANCED_FACE('',(#278),#279,.F.);
#65=ADVANCED_FACE('',(#280),#281,.F.);
#66=ADVANCED_FACE('',(#282),#283,.F.);
#67=ADVANCED_FACE('',(#284),#285,.F.);
#68=ADVANCED_FACE('',(#286),#287,.F.);
#69=ADVANCED_FACE('',(#288),#289,.F.);
#70=ADVANCED_FACE('',(#290),#291,.T.);
#71=ADVANCED_FACE('',(#292),#293,.T.);
#72=ADVANCED_FACE('',(#294),#295,.T.);
#73=ADVANCED_FACE('',(#296),#297,.T.);
#74=ADVANCED_FACE('',(#298),#299,.T.);
#75=ADVANCED_FACE('',(#300),#301,.T.);
#76=ADVANCED_FACE('',(#302),#303,.T.);
#77=ADVANCED_FACE('',(#304),#305,.T.);
#78=ADVANCED_FACE('',(#306,#307),#308,.F.);
#79=ADVANCED_FACE('',(#309,#310),#311,.F.);
#80=ADVANCED_FACE('',(#312),#313,.F.);
#81=ADVANCED_FACE('',(#314),#315,.F.);
#82=ADVANCED_FACE('',(#316),#317,.F.);
#83=ADVANCED_FACE('',(#318),#319,.F.);
#84=ADVANCED_FACE('',(#320),#321,.F.);
#85=ADVANCED_FACE('',(#322),#323,.F.);
#86=ADVANCED_FACE('',(#324),#325,.T.);
#87=ADVANCED_FACE('',(#326),#327,.T.);
#88=ADVANCED_FACE('',(#328),#329,.F.);
#89=ADVANCED_FACE('',(#330),#331,.F.);
#90=ADVANCED_FACE('',(#332),#333,.F.);
#91=ADVANCED_FACE('',(#334),#335,.F.);
#92=ADVANCED_FACE('',(#336),#337,.F.);
#93=ADVANCED_FACE('',(#338),#339,.F.);
#94=ADVANCED_FACE('',(#340),#341,.T.);
#95=ADVANCED_FACE('',(#342),#343,.T.);
#96=ADVANCED_FACE('',(#344),#345,.T.);
#97=ADVANCED_FACE('',(#346),#347,.T.);
#98=ADVANCED_FACE('',(#348),#349,.T.);
#99=ADVANCED_FACE('',(#350),#351,.T.);
#100=ADVANCED_FACE('',(#352),#353,.T.);
#101=ADVANCED_FACE('',(#354),#355,.T.);
#102=ADVANCED_FACE('',(#356),#357,.T.);
#103=ADVANCED_FACE('',(#358,#359),#360,.F.);
#104=ADVANCED_FACE('',(#361,#362),#363,.F.);
#105=ADVANCED_FACE('',(#364),#365,.F.);
#106=ADVANCED_FACE('',(#366),#367,.F.);
#107=ADVANCED_FACE('',(#368),#369,.F.);
#108=ADVANCED_FACE('',(#370),#371,.F.);
#109=ADVANCED_FACE('',(#372),#373,.F.);
#110=ADVANCED_FACE('',(#374),#375,.F.);
#111=ADVANCED_FACE('',(#376),#377,.T.);
#112=ADVANCED_FACE('',(#378),#379,.T.);
#113=ADVANCED_FACE('',(#380),#381,.F.);
#114=ADVANCED_FACE('',(#382),#383,.F.);
#115=ADVANCED_FACE('',(#384),#385,.F.);
#116=ADVANCED_FACE('',(#386),#387,.F.);
#117=ADVANCED_FACE('',(#388),#389,.F.);
#118=ADVANCED_FACE('',(#390),#391,.F.);
#119=ADVANCED_FACE('',(#392),#393,.T.);
#120=ADVANCED_FACE('',(#394),#395,.T.);
#121=ADVANCED_FACE('',(#396),#397,.T.);
#122=ADVANCED_FACE('',(#398),#399,.T.);
#123=ADVANCED_FACE('',(#400),#401,.T.);
#124=ADVANCED_FACE('',(#402),#403,.T.);
#125=ADVANCED_FACE('',(#404),#405,.T.);
#126=ADVANCED_FACE('',(#406),#407,.T.);
#127=ADVANCED_FACE('',(#408),#409,.T.);
#128=ADVANCED_FACE('',(#410),#411,.T.);
#129=ADVANCED_FACE('',(#412),#413,.T.);
#130=ADVANCED_FACE('',(#414,#415),#416,.F.);
#131=ADVANCED_FACE('',(#417,#418),#419,.F.);
#132=ADVANCED_FACE('',(#420),#421,.F.);
#133=ADVANCED_FACE('',(#422),#423,.F.);
#134=ADVANCED_FACE('',(#424),#425,.F.);
#135=ADVANCED_FACE('',(#426),#427,.F.);
#136=ADVANCED_FACE('',(#428),#429,.F.);
#137=ADVANCED_FACE('',(#430),#431,.F.);
#138=ADVANCED_FACE('',(#432),#433,.T.);
#139=ADVANCED_FACE('',(#434),#435,.T.);
#140=ADVANCED_FACE('',(#436),#437,.F.);
#141=ADVANCED_FACE('',(#438),#439,.F.);
#142=ADVANCED_FACE('',(#440),#441,.F.);
#143=ADVANCED_FACE('',(#442),#443,.F.);
#144=ADVANCED_FACE('',(#444),#445,.F.);
#145=ADVANCED_FACE('',(#446),#447,.F.);
#146=ADVANCED_FACE('',(#448),#449,.T.);
#147=ADVANCED_FACE('',(#450),#451,.T.);
#148=ADVANCED_FACE('',(#452),#453,.T.);
#149=ADVANCED_FACE('',(#454),#455,.T.);
#150=ADVANCED_FACE('',(#456),#457,.T.);
#151=ADVANCED_FACE('',(#458),#459,.T.);
#152=ADVANCED_FACE('',(#460),#461,.T.);
#153=ADVANCED_FACE('',(#462),#463,.T.);
#154=ADVANCED_FACE('',(#464),#465,.T.);
#155=ADVANCED_FACE('',(#466),#467,.T.);
#156=ADVANCED_FACE('',(#468),#469,.T.);
#157=ADVANCED_FACE('',(#470,#471,#472,#473,#474,#475,#476,#477,#478),#479,.T.);
#158=ADVANCED_FACE('',(#480,#481,#482),#483,.T.);
#159=ADVANCED_FACE('',(#484),#485,.F.);
#160=ADVANCED_FACE('',(#486),#487,.F.);
#161=ADVANCED_FACE('',(#488),#489,.T.);
#162=ADVANCED_FACE('',(#490),#491,.T.);
#163=ADVANCED_FACE('',(#492),#493,.F.);
#164=ADVANCED_FACE('',(#494),#495,.F.);
#165=ADVANCED_FACE('',(#496),#497,.T.);
#166=ADVANCED_FACE('',(#498),#499,.T.);
#167=ADVANCED_FACE('',(#500),#501,.F.);
#168=ADVANCED_FACE('',(#502),#503,.F.);
#169=ADVANCED_FACE('',(#504),#505,.T.);
#170=ADVANCED_FACE('',(#506),#507,.T.);
#171=ADVANCED_FACE('',(#508),#509,.T.);
#172=ADVANCED_FACE('',(#510),#511,.F.);
#173=ADVANCED_FACE('',(#512),#513,.F.);
#174=ADVANCED_FACE('',(#514),#515,.F.);
#175=ADVANCED_FACE('',(#516),#517,.T.);
#176=ADVANCED_FACE('',(#518),#519,.F.);
#177=ADVANCED_FACE('',(#520),#521,.T.);
#178=ADVANCED_FACE('',(#522),#523,.T.);
#179=ADVANCED_FACE('',(#524),#525,.T.);
#180=ADVANCED_FACE('',(#526),#527,.T.);
#181=ADVANCED_FACE('',(#528),#529,.T.);
#182=ADVANCED_FACE('',(#530),#531,.T.);
#183=ADVANCED_FACE('',(#532),#533,.T.);
#184=ADVANCED_FACE('',(#534),#535,.F.);
#185=ADVANCED_FACE('',(#536),#537,.T.);
#186=ADVANCED_FACE('',(#538),#539,.T.);
#187=ADVANCED_FACE('',(#540),#541,.T.);
#188=ADVANCED_FACE('',(#542),#543,.T.);
#189=ADVANCED_FACE('',(#544),#545,.F.);
#190=ADVANCED_FACE('',(#546),#547,.F.);
#191=ADVANCED_FACE('',(#548),#549,.F.);
#192=ADVANCED_FACE('',(#550),#551,.F.);
#193=ADVANCED_FACE('',(#552),#553,.F.);
#194=ADVANCED_FACE('',(#554),#555,.F.);
#195=ADVANCED_FACE('',(#556),#557,.T.);
#196=ADVANCED_FACE('',(#558),#559,.T.);
#197=ADVANCED_FACE('',(#560),#561,.F.);
#198=ADVANCED_FACE('',(#562),#563,.F.);
#199=ADVANCED_FACE('',(#564),#565,.F.);
#200=ADVANCED_FACE('',(#566),#567,.F.);
#201=ADVANCED_FACE('',(#568),#569,.F.);
#202=ADVANCED_FACE('',(#570),#571,.F.);
#203=ADVANCED_FACE('',(#572),#573,.F.);
#204=ADVANCED_FACE('',(#574),#575,.F.);
#205=ADVANCED_FACE('',(#576),#577,.T.);
#206=ADVANCED_FACE('',(#578),#579,.T.);
#207=ADVANCED_FACE('',(#580),#581,.F.);
#208=ADVANCED_FACE('',(#582),#583,.F.);
#209=ADVANCED_FACE('',(#584),#585,.F.);
#210=ADVANCED_FACE('',(#586),#587,.F.);
#211=ADVANCED_FACE('',(#588),#589,.F.);
#212=ADVANCED_FACE('',(#590),#591,.F.);
#213=ADVANCED_FACE('',(#592),#593,.F.);
#214=ADVANCED_FACE('',(#594),#595,.F.);
#215=ADVANCED_FACE('',(#596),#597,.T.);
#216=ADVANCED_FACE('',(#598),#599,.T.);
#217=ADVANCED_FACE('',(#600),#601,.F.);
#218=ADVANCED_FACE('',(#602),#603,.F.);
#219=ADVANCED_FACE('',(#604),#605,.F.);
#220=ADVANCED_FACE('',(#606),#607,.F.);
#221=ADVANCED_FACE('',(#608),#609,.F.);
#222=ADVANCED_FACE('',(#610),#611,.F.);
#223=ADVANCED_FACE('',(#612),#613,.F.);
#224=ADVANCED_FACE('',(#614),#615,.F.);
#225=ADVANCED_FACE('',(#616),#617,.T.);
#226=ADVANCED_FACE('',(#618),#619,.T.);
#227=ADVANCED_FACE('',(#620),#621,.F.);
#228=ADVANCED_FACE('',(#622),#623,.F.);
#229=ADVANCED_FACE('',(#624),#625,.F.);
#230=ADVANCED_FACE('',(#626),#627,.F.);
#232=FACE_OUTER_BOUND('',#628,.T.);
#233=PLANE('',#629);
#234=FACE_OUTER_BOUND('',#630,.T.);
#235=PLANE('',#631);
#236=FACE_OUTER_BOUND('',#632,.T.);
#237=PLANE('',#633);
#238=FACE_OUTER_BOUND('',#634,.T.);
#239=FACE_BOUND('',#635,.T.);
#240=FACE_BOUND('',#636,.T.);
#241=FACE_BOUND('',#637,.T.);
#242=FACE_BOUND('',#638,.T.);
#243=FACE_BOUND('',#639,.T.);
#244=FACE_BOUND('',#640,.T.);
#245=FACE_BOUND('',#641,.T.);
#246=FACE_BOUND('',#642,.T.);
#247=PLANE('',#643);
#248=FACE_OUTER_BOUND('',#644,.T.);
#249=PLANE('',#645);
#250=FACE_OUTER_BOUND('',#646,.T.);
#251=PLANE('',#647);
#252=FACE_OUTER_BOUND('',#648,.T.);
#253=PLANE('',#649);
#254=FACE_OUTER_BOUND('',#650,.T.);
#255=PLANE('',#651);
#256=FACE_OUTER_BOUND('',#652,.T.);
#257=FACE_BOUND('',#653,.T.);
#258=PLANE('',#654);
#259=FACE_OUTER_BOUND('',#655,.T.);
#260=FACE_BOUND('',#656,.T.);
#261=PLANE('',#657);
#262=FACE_OUTER_BOUND('',#658,.T.);
#263=PLANE('',#659);
#264=FACE_OUTER_BOUND('',#660,.T.);
#265=PLANE('',#661);
#266=FACE_OUTER_BOUND('',#662,.T.);
#267=PLANE('',#663);
#268=FACE_OUTER_BOUND('',#664,.T.);
#269=PLANE('',#665);
#270=FACE_OUTER_BOUND('',#666,.T.);
#271=PLANE('',#667);
#272=FACE_OUTER_BOUND('',#668,.T.);
#273=PLANE('',#669);
#274=FACE_OUTER_BOUND('',#670,.T.);
#275=PLANE('',#671);
#276=FACE_OUTER_BOUND('',#672,.T.);
#277=PLANE('',#673);
#278=FACE_OUTER_BOUND('',#674,.T.);
#279=PLANE('',#675);
#280=FACE_OUTER_BOUND('',#676,.T.);
#281=PLANE('',#677);
#282=FACE_OUTER_BOUND('',#678,.T.);
#283=PLANE('',#679);
#284=FACE_OUTER_BOUND('',#680,.T.);
#285=PLANE('',#681);
#286=FACE_OUTER_BOUND('',#682,.T.);
#287=PLANE('',#683);
#288=FACE_OUTER_BOUND('',#684,.T.);
#289=PLANE('',#685);
#290=FACE_OUTER_BOUND('',#686,.T.);
#291=PLANE('',#687);
#292=FACE_OUTER_BOUND('',#688,.T.);
#293=PLANE('',#689);
#294=FACE_OUTER_BOUND('',#690,.T.);
#295=PLANE('',#691);
#296=FACE_OUTER_BOUND('',#692,.T.);
#297=PLANE('',#693);
#298=FACE_OUTER_BOUND('',#694,.T.);
#299=PLANE('',#695);
#300=FACE_OUTER_BOUND('',#696,.T.);
#301=PLANE('',#697);
#302=FACE_OUTER_BOUND('',#698,.T.);
#303=PLANE('',#699);
#304=FACE_OUTER_BOUND('',#700,.T.);
#305=PLANE('',#701);
#306=FACE_OUTER_BOUND('',#702,.T.);
#307=FACE_BOUND('',#703,.T.);
#308=PLANE('',#704);
#309=FACE_OUTER_BOUND('',#705,.T.);
#310=FACE_BOUND('',#706,.T.);
#311=PLANE('',#707);
#312=FACE_OUTER_BOUND('',#708,.T.);
#313=PLANE('',#709);
#314=FACE_OUTER_BOUND('',#710,.T.);
#315=PLANE('',#711);
#316=FACE_OUTER_BOUND('',#712,.T.);
#317=PLANE('',#713);
#318=FACE_OUTER_BOUND('',#714,.T.);
#319=PLANE('',#715);
#320=FACE_OUTER_BOUND('',#716,.T.);
#321=PLANE('',#717);
#322=FACE_OUTER_BOUND('',#718,.T.);
#323=PLANE('',#719);
#324=FACE_OUTER_BOUND('',#720,.T.);
#325=PLANE('',#721);
#326=FACE_OUTER_BOUND('',#722,.T.);
#327=PLANE('',#723);
#328=FACE_OUTER_BOUND('',#724,.T.);
#329=PLANE('',#725);
#330=FACE_OUTER_BOUND('',#726,.T.);
#331=PLANE('',#727);
#332=FACE_OUTER_BOUND('',#728,.T.);
#333=PLANE('',#729);
#334=FACE_OUTER_BOUND('',#730,.T.);
#335=PLANE('',#731);
#336=FACE_OUTER_BOUND('',#732,.T.);
#337=PLANE('',#733);
#338=FACE_OUTER_BOUND('',#734,.T.);
#339=PLANE('',#735);
#340=FACE_OUTER_BOUND('',#736,.T.);
#341=PLANE('',#737);
#342=FACE_OUTER_BOUND('',#738,.T.);
#343=PLANE('',#739);
#344=FACE_OUTER_BOUND('',#740,.T.);
#345=PLANE('',#741);
#346=FACE_OUTER_BOUND('',#742,.T.);
#347=PLANE('',#743);
#348=FACE_OUTER_BOUND('',#744,.T.);
#349=PLANE('',#745);
#350=FACE_OUTER_BOUND('',#746,.T.);
#351=PLANE('',#747);
#352=FACE_OUTER_BOUND('',#748,.T.);
#353=PLANE('',#749);
#354=FACE_OUTER_BOUND('',#750,.T.);
#355=PLANE('',#751);
#356=FACE_OUTER_BOUND('',#752,.T.);
#357=PLANE('',#753);
#358=FACE_OUTER_BOUND('',#754,.T.);
#359=FACE_BOUND('',#755,.T.);
#360=PLANE('',#756);
#361=FACE_OUTER_BOUND('',#757,.T.);
#362=FACE_BOUND('',#758,.T.);
#363=PLANE('',#759);
#364=FACE_OUTER_BOUND('',#760,.T.);
#365=PLANE('',#761);
#366=FACE_OUTER_BOUND('',#762,.T.);
#367=PLANE('',#763);
#368=FACE_OUTER_BOUND('',#764,.T.);
#369=PLANE('',#765);
#370=FACE_OUTER_BOUND('',#766,.T.);
#371=PLANE('',#767);
#372=FACE_OUTER_BOUND('',#768,.T.);
#373=PLANE('',#769);
#374=FACE_OUTER_BOUND('',#770,.T.);
#375=PLANE('',#771);
#376=FACE_OUTER_BOUND('',#772,.T.);
#377=PLANE('',#773);
#378=FACE_OUTER_BOUND('',#774,.T.);
#379=PLANE('',#775);
#380=FACE_OUTER_BOUND('',#776,.T.);
#381=PLANE('',#777);
#382=FACE_OUTER_BOUND('',#778,.T.);
#383=PLANE('',#779);
#384=FACE_OUTER_BOUND('',#780,.T.);
#385=PLANE('',#781);
#386=FACE_OUTER_BOUND('',#782,.T.);
#387=PLANE('',#783);
#388=FACE_OUTER_BOUND('',#784,.T.);
#389=PLANE('',#785);
#390=FACE_OUTER_BOUND('',#786,.T.);
#391=PLANE('',#787);
#392=FACE_OUTER_BOUND('',#788,.T.);
#393=PLANE('',#789);
#394=FACE_OUTER_BOUND('',#790,.T.);
#395=PLANE('',#791);
#396=FACE_OUTER_BOUND('',#792,.T.);
#397=PLANE('',#793);
#398=FACE_OUTER_BOUND('',#794,.T.);
#399=PLANE('',#795);
#400=FACE_OUTER_BOUND('',#796,.T.);
#401=PLANE('',#797);
#402=FACE_OUTER_BOUND('',#798,.T.);
#403=PLANE('',#799);
#404=FACE_OUTER_BOUND('',#800,.T.);
#405=PLANE('',#801);
#406=FACE_OUTER_BOUND('',#802,.T.);
#407=PLANE('',#803);
#408=FACE_OUTER_BOUND('',#804,.T.);
#409=PLANE('',#805);
#410=FACE_OUTER_BOUND('',#806,.T.);
#411=PLANE('',#807);
#412=FACE_OUTER_BOUND('',#808,.T.);
#413=PLANE('',#809);
#414=FACE_OUTER_BOUND('',#810,.T.);
#415=FACE_BOUND('',#811,.T.);
#416=PLANE('',#812);
#417=FACE_OUTER_BOUND('',#813,.T.);
#418=FACE_BOUND('',#814,.T.);
#419=PLANE('',#815);
#420=FACE_OUTER_BOUND('',#816,.T.);
#421=PLANE('',#817);
#422=FACE_OUTER_BOUND('',#818,.T.);
#423=PLANE('',#819);
#424=FACE_OUTER_BOUND('',#820,.T.);
#425=PLANE('',#821);
#426=FACE_OUTER_BOUND('',#822,.T.);
#427=PLANE('',#823);
#428=FACE_OUTER_BOUND('',#824,.T.);
#429=PLANE('',#825);
#430=FACE_OUTER_BOUND('',#826,.T.);
#431=PLANE('',#827);
#432=FACE_OUTER_BOUND('',#828,.T.);
#433=PLANE('',#829);
#434=FACE_OUTER_BOUND('',#830,.T.);
#435=PLANE('',#831);
#436=FACE_OUTER_BOUND('',#832,.T.);
#437=PLANE('',#833);
#438=FACE_OUTER_BOUND('',#834,.T.);
#439=PLANE('',#835);
#440=FACE_OUTER_BOUND('',#836,.T.);
#441=PLANE('',#837);
#442=FACE_OUTER_BOUND('',#838,.T.);
#443=PLANE('',#839);
#444=FACE_OUTER_BOUND('',#840,.T.);
#445=PLANE('',#841);
#446=FACE_OUTER_BOUND('',#842,.T.);
#447=PLANE('',#843);
#448=FACE_OUTER_BOUND('',#844,.T.);
#449=PLANE('',#845);
#450=FACE_OUTER_BOUND('',#846,.T.);
#451=PLANE('',#847);
#452=FACE_OUTER_BOUND('',#848,.T.);
#453=PLANE('',#849);
#454=FACE_OUTER_BOUND('',#850,.T.);
#455=PLANE('',#851);
#456=FACE_OUTER_BOUND('',#852,.T.);
#457=PLANE('',#853);
#458=FACE_OUTER_BOUND('',#854,.T.);
#459=PLANE('',#855);
#460=FACE_OUTER_BOUND('',#856,.T.);
#461=PLANE('',#857);
#462=FACE_OUTER_BOUND('',#858,.T.);
#463=CYLINDRICAL_SURFACE('',#859,0.3);
#464=FACE_OUTER_BOUND('',#860,.T.);
#465=PLANE('',#861);
#466=FACE_OUTER_BOUND('',#862,.T.);
#467=CYLINDRICAL_SURFACE('',#863,0.3);
#468=FACE_OUTER_BOUND('',#864,.T.);
#469=PLANE('',#865);
#470=FACE_OUTER_BOUND('',#866,.T.);
#471=FACE_BOUND('',#867,.T.);
#472=FACE_BOUND('',#868,.T.);
#473=FACE_BOUND('',#869,.T.);
#474=FACE_BOUND('',#870,.T.);
#475=FACE_BOUND('',#871,.T.);
#476=FACE_BOUND('',#872,.T.);
#477=FACE_BOUND('',#873,.T.);
#478=FACE_BOUND('',#874,.T.);
#479=PLANE('',#875);
#480=FACE_OUTER_BOUND('',#876,.T.);
#481=FACE_BOUND('',#877,.T.);
#482=FACE_BOUND('',#878,.T.);
#483=PLANE('',#879);
#484=FACE_OUTER_BOUND('',#880,.T.);
#485=CYLINDRICAL_SURFACE('',#881,0.28);
#486=FACE_OUTER_BOUND('',#882,.T.);
#487=CYLINDRICAL_SURFACE('',#883,0.28);
#488=FACE_OUTER_BOUND('',#884,.T.);
#489=PLANE('',#885);
#490=FACE_OUTER_BOUND('',#886,.T.);
#491=PLANE('',#887);
#492=FACE_OUTER_BOUND('',#888,.T.);
#493=PLANE('',#889);
#494=FACE_OUTER_BOUND('',#890,.T.);
#495=CYLINDRICAL_SURFACE('',#891,0.25);
#496=FACE_OUTER_BOUND('',#892,.T.);
#497=PLANE('',#893);
#498=FACE_OUTER_BOUND('',#894,.T.);
#499=PLANE('',#895);
#500=FACE_OUTER_BOUND('',#896,.T.);
#501=CYLINDRICAL_SURFACE('',#897,0.15);
#502=FACE_OUTER_BOUND('',#898,.T.);
#503=CYLINDRICAL_SURFACE('',#899,0.15);
#504=FACE_OUTER_BOUND('',#900,.T.);
#505=PLANE('',#901);
#506=FACE_OUTER_BOUND('',#902,.T.);
#507=PLANE('',#903);
#508=FACE_OUTER_BOUND('',#904,.T.);
#509=PLANE('',#905);
#510=FACE_OUTER_BOUND('',#906,.T.);
#511=PLANE('',#907);
#512=FACE_OUTER_BOUND('',#908,.T.);
#513=PLANE('',#909);
#514=FACE_OUTER_BOUND('',#910,.T.);
#515=PLANE('',#911);
#516=FACE_OUTER_BOUND('',#912,.T.);
#517=PLANE('',#913);
#518=FACE_OUTER_BOUND('',#914,.T.);
#519=CYLINDRICAL_SURFACE('',#915,0.25);
#520=FACE_OUTER_BOUND('',#916,.T.);
#521=PLANE('',#917);
#522=FACE_OUTER_BOUND('',#918,.T.);
#523=PLANE('',#919);
#524=FACE_OUTER_BOUND('',#920,.T.);
#525=PLANE('',#921);
#526=FACE_OUTER_BOUND('',#922,.T.);
#527=PLANE('',#923);
#528=FACE_OUTER_BOUND('',#924,.T.);
#529=PLANE('',#925);
#530=FACE_OUTER_BOUND('',#926,.T.);
#531=PLANE('',#927);
#532=FACE_OUTER_BOUND('',#928,.T.);
#533=PLANE('',#929);
#534=FACE_OUTER_BOUND('',#930,.T.);
#535=PLANE('',#931);
#536=FACE_OUTER_BOUND('',#932,.T.);
#537=PLANE('',#933);
#538=FACE_OUTER_BOUND('',#934,.T.);
#539=PLANE('',#935);
#540=FACE_OUTER_BOUND('',#936,.T.);
#541=CYLINDRICAL_SURFACE('',#937,0.29);
#542=FACE_OUTER_BOUND('',#938,.T.);
#543=CYLINDRICAL_SURFACE('',#939,0.29);
#544=FACE_OUTER_BOUND('',#940,.T.);
#545=PLANE('',#941);
#546=FACE_OUTER_BOUND('',#942,.T.);
#547=PLANE('',#943);
#548=FACE_OUTER_BOUND('',#944,.T.);
#549=PLANE('',#945);
#550=FACE_OUTER_BOUND('',#946,.T.);
#551=PLANE('',#947);
#552=FACE_OUTER_BOUND('',#948,.T.);
#553=PLANE('',#949);
#554=FACE_OUTER_BOUND('',#950,.T.);
#555=PLANE('',#951);
#556=FACE_OUTER_BOUND('',#952,.T.);
#557=PLANE('',#953);
#558=FACE_OUTER_BOUND('',#954,.T.);
#559=PLANE('',#955);
#560=FACE_OUTER_BOUND('',#956,.T.);
#561=PLANE('',#957);
#562=FACE_OUTER_BOUND('',#958,.T.);
#563=PLANE('',#959);
#564=FACE_OUTER_BOUND('',#960,.T.);
#565=PLANE('',#961);
#566=FACE_OUTER_BOUND('',#962,.T.);
#567=PLANE('',#963);
#568=FACE_OUTER_BOUND('',#964,.T.);
#569=PLANE('',#965);
#570=FACE_OUTER_BOUND('',#966,.T.);
#571=PLANE('',#967);
#572=FACE_OUTER_BOUND('',#968,.T.);
#573=PLANE('',#969);
#574=FACE_OUTER_BOUND('',#970,.T.);
#575=PLANE('',#971);
#576=FACE_OUTER_BOUND('',#972,.T.);
#577=PLANE('',#973);
#578=FACE_OUTER_BOUND('',#974,.T.);
#579=PLANE('',#975);
#580=FACE_OUTER_BOUND('',#976,.T.);
#581=PLANE('',#977);
#582=FACE_OUTER_BOUND('',#978,.T.);
#583=PLANE('',#979);
#584=FACE_OUTER_BOUND('',#980,.T.);
#585=PLANE('',#981);
#586=FACE_OUTER_BOUND('',#982,.T.);
#587=PLANE('',#983);
#588=FACE_OUTER_BOUND('',#984,.T.);
#589=PLANE('',#985);
#590=FACE_OUTER_BOUND('',#986,.T.);
#591=PLANE('',#987);
#592=FACE_OUTER_BOUND('',#988,.T.);
#593=PLANE('',#989);
#594=FACE_OUTER_BOUND('',#990,.T.);
#595=PLANE('',#991);
#596=FACE_OUTER_BOUND('',#992,.T.);
#597=PLANE('',#993);
#598=FACE_OUTER_BOUND('',#994,.T.);
#599=PLANE('',#995);
#600=FACE_OUTER_BOUND('',#996,.T.);
#601=PLANE('',#997);
#602=FACE_OUTER_BOUND('',#998,.T.);
#603=PLANE('',#999);
#604=FACE_OUTER_BOUND('',#1000,.T.);
#605=PLANE('',#1001);
#606=FACE_OUTER_BOUND('',#1002,.T.);
#607=PLANE('',#1003);
#608=FACE_OUTER_BOUND('',#1004,.T.);
#609=PLANE('',#1005);
#610=FACE_OUTER_BOUND('',#1006,.T.);
#611=PLANE('',#1007);
#612=FACE_OUTER_BOUND('',#1008,.T.);
#613=PLANE('',#1009);
#614=FACE_OUTER_BOUND('',#1010,.T.);
#615=PLANE('',#1011);
#616=FACE_OUTER_BOUND('',#1012,.T.);
#617=PLANE('',#1013);
#618=FACE_OUTER_BOUND('',#1014,.T.);
#619=PLANE('',#1015);
#620=FACE_OUTER_BOUND('',#1016,.T.);
#621=PLANE('',#1017);
#622=FACE_OUTER_BOUND('',#1018,.T.);
#623=PLANE('',#1019);
#624=FACE_OUTER_BOUND('',#1020,.T.);
#625=PLANE('',#1021);
#626=FACE_OUTER_BOUND('',#1022,.T.);
#627=PLANE('',#1023);
#628=EDGE_LOOP('',(#1024,#1025,#1026,#1027,#1028,#1029,#1030,#1031,#1032,#1033));
#629=AXIS2_PLACEMENT_3D('',#1034,#1035,#1036);
#630=EDGE_LOOP('',(#1037,#1038,#1039,#1040));
#631=AXIS2_PLACEMENT_3D('',#1041,#1042,#1043);
#632=EDGE_LOOP('',(#1044,#1045,#1046,#1047));
#633=AXIS2_PLACEMENT_3D('',#1048,#1049,#1050);
#634=EDGE_LOOP('',(#1051,#1052,#1053,#1054,#1055,#1056));
#635=EDGE_LOOP('',(#1057,#1058,#1059,#1060,#1061));
#636=EDGE_LOOP('',(#1062,#1063,#1064,#1065,#1066));
#637=EDGE_LOOP('',(#1067,#1068,#1069,#1070,#1071));
#638=EDGE_LOOP('',(#1072,#1073,#1074,#1075,#1076));
#639=EDGE_LOOP('',(#1077,#1078,#1079,#1080,#1081));
#640=EDGE_LOOP('',(#1082,#1083,#1084,#1085,#1086));
#641=EDGE_LOOP('',(#1087,#1088,#1089,#1090,#1091));
#642=EDGE_LOOP('',(#1092,#1093,#1094,#1095));
#643=AXIS2_PLACEMENT_3D('',#1096,#1097,#1098);
#644=EDGE_LOOP('',(#1099,#1100,#1101,#1102));
#645=AXIS2_PLACEMENT_3D('',#1103,#1104,#1105);
#646=EDGE_LOOP('',(#1106,#1107,#1108,#1109));
#647=AXIS2_PLACEMENT_3D('',#1110,#1111,#1112);
#648=EDGE_LOOP('',(#1113,#1114,#1115,#1116));
#649=AXIS2_PLACEMENT_3D('',#1117,#1118,#1119);
#650=EDGE_LOOP('',(#1120,#1121,#1122,#1123));
#651=AXIS2_PLACEMENT_3D('',#1124,#1125,#1126);
#652=EDGE_LOOP('',(#1127,#1128,#1129,#1130));
#653=EDGE_LOOP('',(#1131,#1132,#1133,#1134,#1135,#1136));
#654=AXIS2_PLACEMENT_3D('',#1137,#1138,#1139);
#655=EDGE_LOOP('',(#1140,#1141,#1142,#1143,#1144));
#656=EDGE_LOOP('',(#1145,#1146,#1147,#1148,#1149,#1150));
#657=AXIS2_PLACEMENT_3D('',#1151,#1152,#1153);
#658=EDGE_LOOP('',(#1154,#1155,#1156,#1157));
#659=AXIS2_PLACEMENT_3D('',#1158,#1159,#1160);
#660=EDGE_LOOP('',(#1161,#1162,#1163,#1164));
#661=AXIS2_PLACEMENT_3D('',#1165,#1166,#1167);
#662=EDGE_LOOP('',(#1168,#1169,#1170,#1171));
#663=AXIS2_PLACEMENT_3D('',#1172,#1173,#1174);
#664=EDGE_LOOP('',(#1175,#1176,#1177,#1178));
#665=AXIS2_PLACEMENT_3D('',#1179,#1180,#1181);
#666=EDGE_LOOP('',(#1182,#1183,#1184,#1185));
#667=AXIS2_PLACEMENT_3D('',#1186,#1187,#1188);
#668=EDGE_LOOP('',(#1189,#1190,#1191,#1192));
#669=AXIS2_PLACEMENT_3D('',#1193,#1194,#1195);
#670=EDGE_LOOP('',(#1196,#1197,#1198,#1199,#1200,#1201));
#671=AXIS2_PLACEMENT_3D('',#1202,#1203,#1204);
#672=EDGE_LOOP('',(#1205,#1206,#1207,#1208,#1209,#1210));
#673=AXIS2_PLACEMENT_3D('',#1211,#1212,#1213);
#674=EDGE_LOOP('',(#1214,#1215,#1216,#1217));
#675=AXIS2_PLACEMENT_3D('',#1218,#1219,#1220);
#676=EDGE_LOOP('',(#1221,#1222,#1223,#1224));
#677=AXIS2_PLACEMENT_3D('',#1225,#1226,#1227);
#678=EDGE_LOOP('',(#1228,#1229,#1230,#1231));
#679=AXIS2_PLACEMENT_3D('',#1232,#1233,#1234);
#680=EDGE_LOOP('',(#1235,#1236,#1237,#1238));
#681=AXIS2_PLACEMENT_3D('',#1239,#1240,#1241);
#682=EDGE_LOOP('',(#1242,#1243,#1244,#1245));
#683=AXIS2_PLACEMENT_3D('',#1246,#1247,#1248);
#684=EDGE_LOOP('',(#1249,#1250,#1251,#1252));
#685=AXIS2_PLACEMENT_3D('',#1253,#1254,#1255);
#686=EDGE_LOOP('',(#1256,#1257,#1258,#1259));
#687=AXIS2_PLACEMENT_3D('',#1260,#1261,#1262);
#688=EDGE_LOOP('',(#1263,#1264,#1265,#1266));
#689=AXIS2_PLACEMENT_3D('',#1267,#1268,#1269);
#690=EDGE_LOOP('',(#1270,#1271,#1272,#1273));
#691=AXIS2_PLACEMENT_3D('',#1274,#1275,#1276);
#692=EDGE_LOOP('',(#1277,#1278,#1279,#1280));
#693=AXIS2_PLACEMENT_3D('',#1281,#1282,#1283);
#694=EDGE_LOOP('',(#1284,#1285,#1286,#1287));
#695=AXIS2_PLACEMENT_3D('',#1288,#1289,#1290);
#696=EDGE_LOOP('',(#1291,#1292,#1293,#1294));
#697=AXIS2_PLACEMENT_3D('',#1295,#1296,#1297);
#698=EDGE_LOOP('',(#1298,#1299,#1300,#1301));
#699=AXIS2_PLACEMENT_3D('',#1302,#1303,#1304);
#700=EDGE_LOOP('',(#1305,#1306,#1307,#1308));
#701=AXIS2_PLACEMENT_3D('',#1309,#1310,#1311);
#702=EDGE_LOOP('',(#1312,#1313,#1314,#1315,#1316));
#703=EDGE_LOOP('',(#1317,#1318,#1319,#1320,#1321,#1322));
#704=AXIS2_PLACEMENT_3D('',#1323,#1324,#1325);
#705=EDGE_LOOP('',(#1326,#1327,#1328,#1329,#1330));
#706=EDGE_LOOP('',(#1331,#1332,#1333,#1334,#1335,#1336));
#707=AXIS2_PLACEMENT_3D('',#1337,#1338,#1339);
#708=EDGE_LOOP('',(#1340,#1341,#1342,#1343));
#709=AXIS2_PLACEMENT_3D('',#1344,#1345,#1346);
#710=EDGE_LOOP('',(#1347,#1348,#1349,#1350));
#711=AXIS2_PLACEMENT_3D('',#1351,#1352,#1353);
#712=EDGE_LOOP('',(#1354,#1355,#1356,#1357));
#713=AXIS2_PLACEMENT_3D('',#1358,#1359,#1360);
#714=EDGE_LOOP('',(#1361,#1362,#1363,#1364));
#715=AXIS2_PLACEMENT_3D('',#1365,#1366,#1367);
#716=EDGE_LOOP('',(#1368,#1369,#1370,#1371));
#717=AXIS2_PLACEMENT_3D('',#1372,#1373,#1374);
#718=EDGE_LOOP('',(#1375,#1376,#1377,#1378));
#719=AXIS2_PLACEMENT_3D('',#1379,#1380,#1381);
#720=EDGE_LOOP('',(#1382,#1383,#1384,#1385,#1386,#1387));
#721=AXIS2_PLACEMENT_3D('',#1388,#1389,#1390);
#722=EDGE_LOOP('',(#1391,#1392,#1393,#1394,#1395,#1396));
#723=AXIS2_PLACEMENT_3D('',#1397,#1398,#1399);
#724=EDGE_LOOP('',(#1400,#1401,#1402,#1403));
#725=AXIS2_PLACEMENT_3D('',#1404,#1405,#1406);
#726=EDGE_LOOP('',(#1407,#1408,#1409,#1410));
#727=AXIS2_PLACEMENT_3D('',#1411,#1412,#1413);
#728=EDGE_LOOP('',(#1414,#1415,#1416,#1417));
#729=AXIS2_PLACEMENT_3D('',#1418,#1419,#1420);
#730=EDGE_LOOP('',(#1421,#1422,#1423,#1424));
#731=AXIS2_PLACEMENT_3D('',#1425,#1426,#1427);
#732=EDGE_LOOP('',(#1428,#1429,#1430,#1431));
#733=AXIS2_PLACEMENT_3D('',#1432,#1433,#1434);
#734=EDGE_LOOP('',(#1435,#1436,#1437,#1438));
#735=AXIS2_PLACEMENT_3D('',#1439,#1440,#1441);
#736=EDGE_LOOP('',(#1442,#1443,#1444,#1445));
#737=AXIS2_PLACEMENT_3D('',#1446,#1447,#1448);
#738=EDGE_LOOP('',(#1449,#1450,#1451,#1452));
#739=AXIS2_PLACEMENT_3D('',#1453,#1454,#1455);
#740=EDGE_LOOP('',(#1456,#1457,#1458,#1459));
#741=AXIS2_PLACEMENT_3D('',#1460,#1461,#1462);
#742=EDGE_LOOP('',(#1463,#1464,#1465,#1466));
#743=AXIS2_PLACEMENT_3D('',#1467,#1468,#1469);
#744=EDGE_LOOP('',(#1470,#1471,#1472,#1473));
#745=AXIS2_PLACEMENT_3D('',#1474,#1475,#1476);
#746=EDGE_LOOP('',(#1477,#1478,#1479,#1480));
#747=AXIS2_PLACEMENT_3D('',#1481,#1482,#1483);
#748=EDGE_LOOP('',(#1484,#1485,#1486,#1487));
#749=AXIS2_PLACEMENT_3D('',#1488,#1489,#1490);
#750=EDGE_LOOP('',(#1491,#1492,#1493,#1494));
#751=AXIS2_PLACEMENT_3D('',#1495,#1496,#1497);
#752=EDGE_LOOP('',(#1498,#1499,#1500,#1501));
#753=AXIS2_PLACEMENT_3D('',#1502,#1503,#1504);
#754=EDGE_LOOP('',(#1505,#1506,#1507,#1508,#1509));
#755=EDGE_LOOP('',(#1510,#1511,#1512,#1513,#1514,#1515));
#756=AXIS2_PLACEMENT_3D('',#1516,#1517,#1518);
#757=EDGE_LOOP('',(#1519,#1520,#1521,#1522,#1523));
#758=EDGE_LOOP('',(#1524,#1525,#1526,#1527,#1528,#1529));
#759=AXIS2_PLACEMENT_3D('',#1530,#1531,#1532);
#760=EDGE_LOOP('',(#1533,#1534,#1535,#1536));
#761=AXIS2_PLACEMENT_3D('',#1537,#1538,#1539);
#762=EDGE_LOOP('',(#1540,#1541,#1542,#1543));
#763=AXIS2_PLACEMENT_3D('',#1544,#1545,#1546);
#764=EDGE_LOOP('',(#1547,#1548,#1549,#1550));
#765=AXIS2_PLACEMENT_3D('',#1551,#1552,#1553);
#766=EDGE_LOOP('',(#1554,#1555,#1556,#1557));
#767=AXIS2_PLACEMENT_3D('',#1558,#1559,#1560);
#768=EDGE_LOOP('',(#1561,#1562,#1563,#1564));
#769=AXIS2_PLACEMENT_3D('',#1565,#1566,#1567);
#770=EDGE_LOOP('',(#1568,#1569,#1570,#1571));
#771=AXIS2_PLACEMENT_3D('',#1572,#1573,#1574);
#772=EDGE_LOOP('',(#1575,#1576,#1577,#1578,#1579,#1580));
#773=AXIS2_PLACEMENT_3D('',#1581,#1582,#1583);
#774=EDGE_LOOP('',(#1584,#1585,#1586,#1587,#1588,#1589));
#775=AXIS2_PLACEMENT_3D('',#1590,#1591,#1592);
#776=EDGE_LOOP('',(#1593,#1594,#1595,#1596));
#777=AXIS2_PLACEMENT_3D('',#1597,#1598,#1599);
#778=EDGE_LOOP('',(#1600,#1601,#1602,#1603));
#779=AXIS2_PLACEMENT_3D('',#1604,#1605,#1606);
#780=EDGE_LOOP('',(#1607,#1608,#1609,#1610));
#781=AXIS2_PLACEMENT_3D('',#1611,#1612,#1613);
#782=EDGE_LOOP('',(#1614,#1615,#1616,#1617));
#783=AXIS2_PLACEMENT_3D('',#1618,#1619,#1620);
#784=EDGE_LOOP('',(#1621,#1622,#1623,#1624));
#785=AXIS2_PLACEMENT_3D('',#1625,#1626,#1627);
#786=EDGE_LOOP('',(#1628,#1629,#1630,#1631));
#787=AXIS2_PLACEMENT_3D('',#1632,#1633,#1634);
#788=EDGE_LOOP('',(#1635,#1636,#1637,#1638));
#789=AXIS2_PLACEMENT_3D('',#1639,#1640,#1641);
#790=EDGE_LOOP('',(#1642,#1643,#1644,#1645));
#791=AXIS2_PLACEMENT_3D('',#1646,#1647,#1648);
#792=EDGE_LOOP('',(#1649,#1650,#1651,#1652));
#793=AXIS2_PLACEMENT_3D('',#1653,#1654,#1655);
#794=EDGE_LOOP('',(#1656,#1657,#1658,#1659));
#795=AXIS2_PLACEMENT_3D('',#1660,#1661,#1662);
#796=EDGE_LOOP('',(#1663,#1664,#1665,#1666));
#797=AXIS2_PLACEMENT_3D('',#1667,#1668,#1669);
#798=EDGE_LOOP('',(#1670,#1671,#1672,#1673));
#799=AXIS2_PLACEMENT_3D('',#1674,#1675,#1676);
#800=EDGE_LOOP('',(#1677,#1678,#1679,#1680));
#801=AXIS2_PLACEMENT_3D('',#1681,#1682,#1683);
#802=EDGE_LOOP('',(#1684,#1685,#1686,#1687));
#803=AXIS2_PLACEMENT_3D('',#1688,#1689,#1690);
#804=EDGE_LOOP('',(#1691,#1692,#1693,#1694));
#805=AXIS2_PLACEMENT_3D('',#1695,#1696,#1697);
#806=EDGE_LOOP('',(#1698,#1699,#1700,#1701));
#807=AXIS2_PLACEMENT_3D('',#1702,#1703,#1704);
#808=EDGE_LOOP('',(#1705,#1706,#1707,#1708));
#809=AXIS2_PLACEMENT_3D('',#1709,#1710,#1711);
#810=EDGE_LOOP('',(#1712,#1713,#1714,#1715,#1716));
#811=EDGE_LOOP('',(#1717,#1718,#1719,#1720,#1721,#1722));
#812=AXIS2_PLACEMENT_3D('',#1723,#1724,#1725);
#813=EDGE_LOOP('',(#1726,#1727,#1728,#1729,#1730));
#814=EDGE_LOOP('',(#1731,#1732,#1733,#1734,#1735,#1736));
#815=AXIS2_PLACEMENT_3D('',#1737,#1738,#1739);
#816=EDGE_LOOP('',(#1740,#1741,#1742,#1743));
#817=AXIS2_PLACEMENT_3D('',#1744,#1745,#1746);
#818=EDGE_LOOP('',(#1747,#1748,#1749,#1750));
#819=AXIS2_PLACEMENT_3D('',#1751,#1752,#1753);
#820=EDGE_LOOP('',(#1754,#1755,#1756,#1757));
#821=AXIS2_PLACEMENT_3D('',#1758,#1759,#1760);
#822=EDGE_LOOP('',(#1761,#1762,#1763,#1764));
#823=AXIS2_PLACEMENT_3D('',#1765,#1766,#1767);
#824=EDGE_LOOP('',(#1768,#1769,#1770,#1771));
#825=AXIS2_PLACEMENT_3D('',#1772,#1773,#1774);
#826=EDGE_LOOP('',(#1775,#1776,#1777,#1778));
#827=AXIS2_PLACEMENT_3D('',#1779,#1780,#1781);
#828=EDGE_LOOP('',(#1782,#1783,#1784,#1785,#1786,#1787));
#829=AXIS2_PLACEMENT_3D('',#1788,#1789,#1790);
#830=EDGE_LOOP('',(#1791,#1792,#1793,#1794,#1795,#1796));
#831=AXIS2_PLACEMENT_3D('',#1797,#1798,#1799);
#832=EDGE_LOOP('',(#1800,#1801,#1802,#1803));
#833=AXIS2_PLACEMENT_3D('',#1804,#1805,#1806);
#834=EDGE_LOOP('',(#1807,#1808,#1809,#1810));
#835=AXIS2_PLACEMENT_3D('',#1811,#1812,#1813);
#836=EDGE_LOOP('',(#1814,#1815,#1816,#1817));
#837=AXIS2_PLACEMENT_3D('',#1818,#1819,#1820);
#838=EDGE_LOOP('',(#1821,#1822,#1823,#1824));
#839=AXIS2_PLACEMENT_3D('',#1825,#1826,#1827);
#840=EDGE_LOOP('',(#1828,#1829,#1830,#1831));
#841=AXIS2_PLACEMENT_3D('',#1832,#1833,#1834);
#842=EDGE_LOOP('',(#1835,#1836,#1837,#1838));
#843=AXIS2_PLACEMENT_3D('',#1839,#1840,#1841);
#844=EDGE_LOOP('',(#1842,#1843,#1844,#1845));
#845=AXIS2_PLACEMENT_3D('',#1846,#1847,#1848);
#846=EDGE_LOOP('',(#1849,#1850,#1851,#1852));
#847=AXIS2_PLACEMENT_3D('',#1853,#1854,#1855);
#848=EDGE_LOOP('',(#1856,#1857,#1858,#1859));
#849=AXIS2_PLACEMENT_3D('',#1860,#1861,#1862);
#850=EDGE_LOOP('',(#1863,#1864,#1865,#1866));
#851=AXIS2_PLACEMENT_3D('',#1867,#1868,#1869);
#852=EDGE_LOOP('',(#1870,#1871,#1872,#1873));
#853=AXIS2_PLACEMENT_3D('',#1874,#1875,#1876);
#854=EDGE_LOOP('',(#1877,#1878,#1879,#1880));
#855=AXIS2_PLACEMENT_3D('',#1881,#1882,#1883);
#856=EDGE_LOOP('',(#1884,#1885,#1886,#1887));
#857=AXIS2_PLACEMENT_3D('',#1888,#1889,#1890);
#858=EDGE_LOOP('',(#1891,#1892,#1893,#1894));
#859=AXIS2_PLACEMENT_3D('',#1895,#1896,#1897);
#860=EDGE_LOOP('',(#1898,#1899,#1900,#1901,#1902,#1903));
#861=AXIS2_PLACEMENT_3D('',#1904,#1905,#1906);
#862=EDGE_LOOP('',(#1907,#1908,#1909,#1910));
#863=AXIS2_PLACEMENT_3D('',#1911,#1912,#1913);
#864=EDGE_LOOP('',(#1914,#1915,#1916,#1917));
#865=AXIS2_PLACEMENT_3D('',#1918,#1919,#1920);
#866=EDGE_LOOP('',(#1921,#1922,#1923,#1924,#1925,#1926,#1927,#1928));
#867=EDGE_LOOP('',(#1929,#1930,#1931,#1932));
#868=EDGE_LOOP('',(#1933,#1934,#1935,#1936));
#869=EDGE_LOOP('',(#1937,#1938,#1939,#1940));
#870=EDGE_LOOP('',(#1941,#1942,#1943,#1944));
#871=EDGE_LOOP('',(#1945,#1946,#1947,#1948));
#872=EDGE_LOOP('',(#1949,#1950,#1951,#1952));
#873=EDGE_LOOP('',(#1953,#1954,#1955,#1956));
#874=EDGE_LOOP('',(#1957,#1958,#1959,#1960));
#875=AXIS2_PLACEMENT_3D('',#1961,#1962,#1963);
#876=EDGE_LOOP('',(#1964,#1965,#1966,#1967,#1968,#1969,#1970,#1971));
#877=EDGE_LOOP('',(#1972,#1973,#1974,#1975));
#878=EDGE_LOOP('',(#1976,#1977,#1978,#1979));
#879=AXIS2_PLACEMENT_3D('',#1980,#1981,#1982);
#880=EDGE_LOOP('',(#1983,#1984,#1985,#1986,#1987));
#881=AXIS2_PLACEMENT_3D('',#1988,#1989,#1990);
#882=EDGE_LOOP('',(#1991,#1992,#1993,#1994,#1995));
#883=AXIS2_PLACEMENT_3D('',#1996,#1997,#1998);
#884=EDGE_LOOP('',(#1999,#2000,#2001,#2002,#2003,#2004,#2005,#2006,#2007));
#885=AXIS2_PLACEMENT_3D('',#2008,#2009,#2010);
#886=EDGE_LOOP('',(#2011,#2012,#2013,#2014,#2015,#2016,#2017,#2018));
#887=AXIS2_PLACEMENT_3D('',#2019,#2020,#2021);
#888=EDGE_LOOP('',(#2022,#2023,#2024,#2025,#2026,#2027,#2028,#2029,#2030,#2031,#2032,#2033));
#889=AXIS2_PLACEMENT_3D('',#2034,#2035,#2036);
#890=EDGE_LOOP('',(#2037,#2038,#2039,#2040));
#891=AXIS2_PLACEMENT_3D('',#2041,#2042,#2043);
#892=EDGE_LOOP('',(#2044,#2045,#2046,#2047,#2048));
#893=AXIS2_PLACEMENT_3D('',#2049,#2050,#2051);
#894=EDGE_LOOP('',(#2052,#2053,#2054,#2055,#2056));
#895=AXIS2_PLACEMENT_3D('',#2057,#2058,#2059);
#896=EDGE_LOOP('',(#2060,#2061,#2062,#2063));
#897=AXIS2_PLACEMENT_3D('',#2064,#2065,#2066);
#898=EDGE_LOOP('',(#2067,#2068,#2069,#2070));
#899=AXIS2_PLACEMENT_3D('',#2071,#2072,#2073);
#900=EDGE_LOOP('',(#2074,#2075,#2076,#2077));
#901=AXIS2_PLACEMENT_3D('',#2078,#2079,#2080);
#902=EDGE_LOOP('',(#2081,#2082,#2083,#2084));
#903=AXIS2_PLACEMENT_3D('',#2085,#2086,#2087);
#904=EDGE_LOOP('',(#2088,#2089,#2090,#2091,#2092,#2093,#2094,#2095));
#905=AXIS2_PLACEMENT_3D('',#2096,#2097,#2098);
#906=EDGE_LOOP('',(#2099,#2100,#2101,#2102));
#907=AXIS2_PLACEMENT_3D('',#2103,#2104,#2105);
#908=EDGE_LOOP('',(#2106,#2107,#2108,#2109));
#909=AXIS2_PLACEMENT_3D('',#2110,#2111,#2112);
#910=EDGE_LOOP('',(#2113,#2114,#2115,#2116,#2117,#2118,#2119,#2120,#2121));
#911=AXIS2_PLACEMENT_3D('',#2122,#2123,#2124);
#912=EDGE_LOOP('',(#2125,#2126,#2127,#2128,#2129,#2130,#2131,#2132,#2133,#2134,#2135,#2136));
#913=AXIS2_PLACEMENT_3D('',#2137,#2138,#2139);
#914=EDGE_LOOP('',(#2140,#2141,#2142,#2143));
#915=AXIS2_PLACEMENT_3D('',#2144,#2145,#2146);
#916=EDGE_LOOP('',(#2147,#2148,#2149,#2150));
#917=AXIS2_PLACEMENT_3D('',#2151,#2152,#2153);
#918=EDGE_LOOP('',(#2154,#2155,#2156,#2157));
#919=AXIS2_PLACEMENT_3D('',#2158,#2159,#2160);
#920=EDGE_LOOP('',(#2161,#2162,#2163,#2164));
#921=AXIS2_PLACEMENT_3D('',#2165,#2166,#2167);
#922=EDGE_LOOP('',(#2168,#2169,#2170,#2171));
#923=AXIS2_PLACEMENT_3D('',#2172,#2173,#2174);
#924=EDGE_LOOP('',(#2175,#2176,#2177,#2178));
#925=AXIS2_PLACEMENT_3D('',#2179,#2180,#2181);
#926=EDGE_LOOP('',(#2182,#2183,#2184,#2185));
#927=AXIS2_PLACEMENT_3D('',#2186,#2187,#2188);
#928=EDGE_LOOP('',(#2189,#2190,#2191,#2192));
#929=AXIS2_PLACEMENT_3D('',#2193,#2194,#2195);
#930=EDGE_LOOP('',(#2196,#2197,#2198,#2199,#2200));
#931=AXIS2_PLACEMENT_3D('',#2201,#2202,#2203);
#932=EDGE_LOOP('',(#2204,#2205,#2206,#2207));
#933=AXIS2_PLACEMENT_3D('',#2208,#2209,#2210);
#934=EDGE_LOOP('',(#2211,#2212,#2213,#2214));
#935=AXIS2_PLACEMENT_3D('',#2215,#2216,#2217);
#936=EDGE_LOOP('',(#2218,#2219,#2220,#2221));
#937=AXIS2_PLACEMENT_3D('',#2222,#2223,#2224);
#938=EDGE_LOOP('',(#2225,#2226,#2227,#2228));
#939=AXIS2_PLACEMENT_3D('',#2229,#2230,#2231);
#940=EDGE_LOOP('',(#2232,#2233,#2234,#2235,#2236));
#941=AXIS2_PLACEMENT_3D('',#2237,#2238,#2239);
#942=EDGE_LOOP('',(#2240,#2241,#2242,#2243,#2244,#2245,#2246,#2247,#2248,#2249));
#943=AXIS2_PLACEMENT_3D('',#2250,#2251,#2252);
#944=EDGE_LOOP('',(#2253,#2254,#2255,#2256));
#945=AXIS2_PLACEMENT_3D('',#2257,#2258,#2259);
#946=EDGE_LOOP('',(#2260,#2261,#2262,#2263));
#947=AXIS2_PLACEMENT_3D('',#2264,#2265,#2266);
#948=EDGE_LOOP('',(#2267,#2268,#2269,#2270));
#949=AXIS2_PLACEMENT_3D('',#2271,#2272,#2273);
#950=EDGE_LOOP('',(#2274,#2275,#2276,#2277));
#951=AXIS2_PLACEMENT_3D('',#2278,#2279,#2280);
#952=EDGE_LOOP('',(#2281,#2282,#2283,#2284));
#953=AXIS2_PLACEMENT_3D('',#2285,#2286,#2287);
#954=EDGE_LOOP('',(#2288,#2289,#2290,#2291));
#955=AXIS2_PLACEMENT_3D('',#2292,#2293,#2294);
#956=EDGE_LOOP('',(#2295,#2296,#2297,#2298));
#957=AXIS2_PLACEMENT_3D('',#2299,#2300,#2301);
#958=EDGE_LOOP('',(#2302,#2303,#2304,#2305));
#959=AXIS2_PLACEMENT_3D('',#2306,#2307,#2308);
#960=EDGE_LOOP('',(#2309,#2310,#2311,#2312));
#961=AXIS2_PLACEMENT_3D('',#2313,#2314,#2315);
#962=EDGE_LOOP('',(#2316,#2317,#2318,#2319));
#963=AXIS2_PLACEMENT_3D('',#2320,#2321,#2322);
#964=EDGE_LOOP('',(#2323,#2324,#2325,#2326));
#965=AXIS2_PLACEMENT_3D('',#2327,#2328,#2329);
#966=EDGE_LOOP('',(#2330,#2331,#2332,#2333));
#967=AXIS2_PLACEMENT_3D('',#2334,#2335,#2336);
#968=EDGE_LOOP('',(#2337,#2338,#2339,#2340));
#969=AXIS2_PLACEMENT_3D('',#2341,#2342,#2343);
#970=EDGE_LOOP('',(#2344,#2345,#2346,#2347));
#971=AXIS2_PLACEMENT_3D('',#2348,#2349,#2350);
#972=EDGE_LOOP('',(#2351,#2352,#2353,#2354));
#973=AXIS2_PLACEMENT_3D('',#2355,#2356,#2357);
#974=EDGE_LOOP('',(#2358,#2359,#2360,#2361));
#975=AXIS2_PLACEMENT_3D('',#2362,#2363,#2364);
#976=EDGE_LOOP('',(#2365,#2366,#2367,#2368));
#977=AXIS2_PLACEMENT_3D('',#2369,#2370,#2371);
#978=EDGE_LOOP('',(#2372,#2373,#2374,#2375));
#979=AXIS2_PLACEMENT_3D('',#2376,#2377,#2378);
#980=EDGE_LOOP('',(#2379,#2380,#2381,#2382));
#981=AXIS2_PLACEMENT_3D('',#2383,#2384,#2385);
#982=EDGE_LOOP('',(#2386,#2387,#2388,#2389));
#983=AXIS2_PLACEMENT_3D('',#2390,#2391,#2392);
#984=EDGE_LOOP('',(#2393,#2394,#2395,#2396));
#985=AXIS2_PLACEMENT_3D('',#2397,#2398,#2399);
#986=EDGE_LOOP('',(#2400,#2401,#2402,#2403));
#987=AXIS2_PLACEMENT_3D('',#2404,#2405,#2406);
#988=EDGE_LOOP('',(#2407,#2408,#2409,#2410));
#989=AXIS2_PLACEMENT_3D('',#2411,#2412,#2413);
#990=EDGE_LOOP('',(#2414,#2415,#2416,#2417));
#991=AXIS2_PLACEMENT_3D('',#2418,#2419,#2420);
#992=EDGE_LOOP('',(#2421,#2422,#2423,#2424));
#993=AXIS2_PLACEMENT_3D('',#2425,#2426,#2427);
#994=EDGE_LOOP('',(#2428,#2429,#2430,#2431));
#995=AXIS2_PLACEMENT_3D('',#2432,#2433,#2434);
#996=EDGE_LOOP('',(#2435,#2436,#2437,#2438));
#997=AXIS2_PLACEMENT_3D('',#2439,#2440,#2441);
#998=EDGE_LOOP('',(#2442,#2443,#2444,#2445));
#999=AXIS2_PLACEMENT_3D('',#2446,#2447,#2448);
#1000=EDGE_LOOP('',(#2449,#2450,#2451,#2452));
#1001=AXIS2_PLACEMENT_3D('',#2453,#2454,#2455);
#1002=EDGE_LOOP('',(#2456,#2457,#2458,#2459));
#1003=AXIS2_PLACEMENT_3D('',#2460,#2461,#2462);
#1004=EDGE_LOOP('',(#2463,#2464,#2465,#2466));
#1005=AXIS2_PLACEMENT_3D('',#2467,#2468,#2469);
#1006=EDGE_LOOP('',(#2470,#2471,#2472,#2473));
#1007=AXIS2_PLACEMENT_3D('',#2474,#2475,#2476);
#1008=EDGE_LOOP('',(#2477,#2478,#2479,#2480));
#1009=AXIS2_PLACEMENT_3D('',#2481,#2482,#2483);
#1010=EDGE_LOOP('',(#2484,#2485,#2486,#2487));
#1011=AXIS2_PLACEMENT_3D('',#2488,#2489,#2490);
#1012=EDGE_LOOP('',(#2491,#2492,#2493,#2494));
#1013=AXIS2_PLACEMENT_3D('',#2495,#2496,#2497);
#1014=EDGE_LOOP('',(#2498,#2499,#2500,#2501));
#1015=AXIS2_PLACEMENT_3D('',#2502,#2503,#2504);
#1016=EDGE_LOOP('',(#2505,#2506,#2507,#2508));
#1017=AXIS2_PLACEMENT_3D('',#2509,#2510,#2511);
#1018=EDGE_LOOP('',(#2512,#2513,#2514,#2515));
#1019=AXIS2_PLACEMENT_3D('',#2516,#2517,#2518);
#1020=EDGE_LOOP('',(#2519,#2520,#2521,#2522));
#1021=AXIS2_PLACEMENT_3D('',#2523,#2524,#2525);
#1022=EDGE_LOOP('',(#2526,#2527,#2528,#2529));
#1023=AXIS2_PLACEMENT_3D('',#2530,#2531,#2532);
#1024=ORIENTED_EDGE('',*,*,#2533,.T.);
#1025=ORIENTED_EDGE('',*,*,#2534,.T.);
#1026=ORIENTED_EDGE('',*,*,#2535,.T.);
#1027=ORIENTED_EDGE('',*,*,#2536,.T.);
#1028=ORIENTED_EDGE('',*,*,#2537,.T.);
#1029=ORIENTED_EDGE('',*,*,#2538,.T.);
#1030=ORIENTED_EDGE('',*,*,#2539,.T.);
#1031=ORIENTED_EDGE('',*,*,#2540,.T.);
#1032=ORIENTED_EDGE('',*,*,#2541,.T.);
#1033=ORIENTED_EDGE('',*,*,#2542,.T.);
#1034=CARTESIAN_POINT('',(6.42,0.0,0.0));
#1035=DIRECTION('',(1.0,0.0,0.0));
#1036=DIRECTION('',(0.0,1.0,0.0));
#1037=ORIENTED_EDGE('',*,*,#2543,.F.);
#1038=ORIENTED_EDGE('',*,*,#2544,.T.);
#1039=ORIENTED_EDGE('',*,*,#2545,.F.);
#1040=ORIENTED_EDGE('',*,*,#2546,.F.);
#1041=CARTESIAN_POINT('',(6.42,3.65,3.43));
#1042=DIRECTION('',(0.0,0.0,1.0));
#1043=DIRECTION('',(1.0,0.0,0.0));
#1044=ORIENTED_EDGE('',*,*,#2547,.T.);
#1045=ORIENTED_EDGE('',*,*,#2548,.T.);
#1046=ORIENTED_EDGE('',*,*,#2542,.F.);
#1047=ORIENTED_EDGE('',*,*,#2549,.F.);
#1048=CARTESIAN_POINT('',(6.42,3.65,3.43));
#1049=DIRECTION('',(0.0,0.0,1.0));
#1050=DIRECTION('',(1.0,0.0,0.0));
#1051=ORIENTED_EDGE('',*,*,#2541,.F.);
#1052=ORIENTED_EDGE('',*,*,#2550,.F.);
#1053=ORIENTED_EDGE('',*,*,#2551,.F.);
#1054=ORIENTED_EDGE('',*,*,#2546,.T.);
#1055=ORIENTED_EDGE('',*,*,#2552,.F.);
#1056=ORIENTED_EDGE('',*,*,#2549,.T.);
#1057=ORIENTED_EDGE('',*,*,#2553,.F.);
#1058=ORIENTED_EDGE('',*,*,#2554,.F.);
#1059=ORIENTED_EDGE('',*,*,#2555,.F.);
#1060=ORIENTED_EDGE('',*,*,#2556,.F.);
#1061=ORIENTED_EDGE('',*,*,#2557,.F.);
#1062=ORIENTED_EDGE('',*,*,#2558,.F.);
#1063=ORIENTED_EDGE('',*,*,#2559,.F.);
#1064=ORIENTED_EDGE('',*,*,#2560,.F.);
#1065=ORIENTED_EDGE('',*,*,#2561,.F.);
#1066=ORIENTED_EDGE('',*,*,#2562,.F.);
#1067=ORIENTED_EDGE('',*,*,#2563,.F.);
#1068=ORIENTED_EDGE('',*,*,#2564,.F.);
#1069=ORIENTED_EDGE('',*,*,#2565,.F.);
#1070=ORIENTED_EDGE('',*,*,#2566,.F.);
#1071=ORIENTED_EDGE('',*,*,#2567,.F.);
#1072=ORIENTED_EDGE('',*,*,#2568,.F.);
#1073=ORIENTED_EDGE('',*,*,#2569,.F.);
#1074=ORIENTED_EDGE('',*,*,#2570,.F.);
#1075=ORIENTED_EDGE('',*,*,#2571,.F.);
#1076=ORIENTED_EDGE('',*,*,#2572,.F.);
#1077=ORIENTED_EDGE('',*,*,#2573,.F.);
#1078=ORIENTED_EDGE('',*,*,#2574,.F.);
#1079=ORIENTED_EDGE('',*,*,#2575,.F.);
#1080=ORIENTED_EDGE('',*,*,#2576,.F.);
#1081=ORIENTED_EDGE('',*,*,#2577,.F.);
#1082=ORIENTED_EDGE('',*,*,#2578,.F.);
#1083=ORIENTED_EDGE('',*,*,#2579,.F.);
#1084=ORIENTED_EDGE('',*,*,#2580,.F.);
#1085=ORIENTED_EDGE('',*,*,#2581,.F.);
#1086=ORIENTED_EDGE('',*,*,#2582,.F.);
#1087=ORIENTED_EDGE('',*,*,#2583,.F.);
#1088=ORIENTED_EDGE('',*,*,#2584,.F.);
#1089=ORIENTED_EDGE('',*,*,#2585,.F.);
#1090=ORIENTED_EDGE('',*,*,#2586,.F.);
#1091=ORIENTED_EDGE('',*,*,#2587,.F.);
#1092=ORIENTED_EDGE('',*,*,#2588,.F.);
#1093=ORIENTED_EDGE('',*,*,#2589,.F.);
#1094=ORIENTED_EDGE('',*,*,#2590,.F.);
#1095=ORIENTED_EDGE('',*,*,#2591,.F.);
#1096=CARTESIAN_POINT('',(6.42,3.65,-3.42));
#1097=DIRECTION('',(-0.0,1.0,0.0));
#1098=DIRECTION('',(1.0,0.0,0.0));
#1099=ORIENTED_EDGE('',*,*,#2592,.T.);
#1100=ORIENTED_EDGE('',*,*,#2593,.F.);
#1101=ORIENTED_EDGE('',*,*,#2594,.F.);
#1102=ORIENTED_EDGE('',*,*,#2591,.T.);
#1103=CARTESIAN_POINT('',(5.7,3.65,-0.3));
#1104=DIRECTION('',(1.0,0.0,0.0));
#1105=DIRECTION('',(0.0,1.0,0.0));
#1106=ORIENTED_EDGE('',*,*,#2594,.T.);
#1107=ORIENTED_EDGE('',*,*,#2595,.F.);
#1108=ORIENTED_EDGE('',*,*,#2596,.F.);
#1109=ORIENTED_EDGE('',*,*,#2588,.T.);
#1110=CARTESIAN_POINT('',(3.3,3.65,-0.3));
#1111=DIRECTION('',(0.0,0.0,1.0));
#1112=DIRECTION('',(1.0,0.0,0.0));
#1113=ORIENTED_EDGE('',*,*,#2596,.T.);
#1114=ORIENTED_EDGE('',*,*,#2597,.F.);
#1115=ORIENTED_EDGE('',*,*,#2598,.F.);
#1116=ORIENTED_EDGE('',*,*,#2589,.T.);
#1117=CARTESIAN_POINT('',(3.3,3.65,-2.7));
#1118=DIRECTION('',(-1.0,0.0,0.0));
#1119=DIRECTION('',(0.0,0.0,1.0));
#1120=ORIENTED_EDGE('',*,*,#2598,.T.);
#1121=ORIENTED_EDGE('',*,*,#2599,.F.);
#1122=ORIENTED_EDGE('',*,*,#2592,.F.);
#1123=ORIENTED_EDGE('',*,*,#2590,.T.);
#1124=CARTESIAN_POINT('',(5.7,3.65,-2.7));
#1125=DIRECTION('',(0.0,0.0,-1.0));
#1126=DIRECTION('',(0.0,-1.0,0.0));
#1127=ORIENTED_EDGE('',*,*,#2599,.T.);
#1128=ORIENTED_EDGE('',*,*,#2597,.T.);
#1129=ORIENTED_EDGE('',*,*,#2595,.T.);
#1130=ORIENTED_EDGE('',*,*,#2593,.T.);
#1131=ORIENTED_EDGE('',*,*,#2600,.F.);
#1132=ORIENTED_EDGE('',*,*,#2601,.F.);
#1133=ORIENTED_EDGE('',*,*,#2602,.F.);
#1134=ORIENTED_EDGE('',*,*,#2603,.F.);
#1135=ORIENTED_EDGE('',*,*,#2604,.F.);
#1136=ORIENTED_EDGE('',*,*,#2605,.F.);
#1137=CARTESIAN_POINT('',(6.42,10.0,4.13));
#1138=DIRECTION('',(0.0,-1.0,0.0));
#1139=DIRECTION('',(0.0,0.0,-1.0));
#1140=ORIENTED_EDGE('',*,*,#2606,.T.);
#1141=ORIENTED_EDGE('',*,*,#2607,.T.);
#1142=ORIENTED_EDGE('',*,*,#2608,.T.);
#1143=ORIENTED_EDGE('',*,*,#2609,.T.);
#1144=ORIENTED_EDGE('',*,*,#2610,.T.);
#1145=ORIENTED_EDGE('',*,*,#2611,.F.);
#1146=ORIENTED_EDGE('',*,*,#2612,.F.);
#1147=ORIENTED_EDGE('',*,*,#2613,.F.);
#1148=ORIENTED_EDGE('',*,*,#2614,.F.);
#1149=ORIENTED_EDGE('',*,*,#2615,.F.);
#1150=ORIENTED_EDGE('',*,*,#2616,.F.);
#1151=CARTESIAN_POINT('',(6.42,10.0,4.13));
#1152=DIRECTION('',(0.0,-1.0,0.0));
#1153=DIRECTION('',(0.0,0.0,-1.0));
#1154=ORIENTED_EDGE('',*,*,#2617,.T.);
#1155=ORIENTED_EDGE('',*,*,#2618,.F.);
#1156=ORIENTED_EDGE('',*,*,#2619,.F.);
#1157=ORIENTED_EDGE('',*,*,#2616,.T.);
#1158=CARTESIAN_POINT('',(3.765,10.0,0.76));
#1159=DIRECTION('',(-1.0,0.0,0.0));
#1160=DIRECTION('',(0.0,0.0,1.0));
#1161=ORIENTED_EDGE('',*,*,#2619,.T.);
#1162=ORIENTED_EDGE('',*,*,#2620,.F.);
#1163=ORIENTED_EDGE('',*,*,#2621,.F.);
#1164=ORIENTED_EDGE('',*,*,#2611,.T.);
#1165=CARTESIAN_POINT('',(5.235,10.0,0.76));
#1166=DIRECTION('',(0.0,0.0,-1.0));
#1167=DIRECTION('',(0.0,-1.0,0.0));
#1168=ORIENTED_EDGE('',*,*,#2621,.T.);
#1169=ORIENTED_EDGE('',*,*,#2622,.F.);
#1170=ORIENTED_EDGE('',*,*,#2623,.F.);
#1171=ORIENTED_EDGE('',*,*,#2612,.T.);
#1172=CARTESIAN_POINT('',(5.235,10.0,2.01));
#1173=DIRECTION('',(1.0,0.0,0.0));
#1174=DIRECTION('',(0.0,1.0,0.0));
#1175=ORIENTED_EDGE('',*,*,#2623,.T.);
#1176=ORIENTED_EDGE('',*,*,#2624,.F.);
#1177=ORIENTED_EDGE('',*,*,#2625,.F.);
#1178=ORIENTED_EDGE('',*,*,#2613,.T.);
#1179=CARTESIAN_POINT('',(4.985,10.0,2.26));
#1180=DIRECTION('',(0.707106781186598,0.0,0.707106781186498));
#1181=DIRECTION('',(0.0,-1.0,0.0));
#1182=ORIENTED_EDGE('',*,*,#2625,.T.);
#1183=ORIENTED_EDGE('',*,*,#2626,.F.);
#1184=ORIENTED_EDGE('',*,*,#2627,.F.);
#1185=ORIENTED_EDGE('',*,*,#2614,.T.);
#1186=CARTESIAN_POINT('',(4.015,10.0,2.26));
#1187=DIRECTION('',(0.0,0.0,1.0));
#1188=DIRECTION('',(1.0,0.0,0.0));
#1189=ORIENTED_EDGE('',*,*,#2627,.T.);
#1190=ORIENTED_EDGE('',*,*,#2628,.F.);
#1191=ORIENTED_EDGE('',*,*,#2617,.F.);
#1192=ORIENTED_EDGE('',*,*,#2615,.T.);
#1193=CARTESIAN_POINT('',(3.765,10.0,2.01));
#1194=DIRECTION('',(-0.707106781186598,0.0,0.707106781186498));
#1195=DIRECTION('',(0.0,1.0,0.0));
#1196=ORIENTED_EDGE('',*,*,#2628,.T.);
#1197=ORIENTED_EDGE('',*,*,#2626,.T.);
#1198=ORIENTED_EDGE('',*,*,#2624,.T.);
#1199=ORIENTED_EDGE('',*,*,#2622,.T.);
#1200=ORIENTED_EDGE('',*,*,#2620,.T.);
#1201=ORIENTED_EDGE('',*,*,#2618,.T.);
#1202=CARTESIAN_POINT('',(6.42,9.0,4.13));
#1203=DIRECTION('',(-0.0,1.0,0.0));
#1204=DIRECTION('',(1.0,0.0,0.0));
#1205=ORIENTED_EDGE('',*,*,#2629,.T.);
#1206=ORIENTED_EDGE('',*,*,#2630,.T.);
#1207=ORIENTED_EDGE('',*,*,#2631,.T.);
#1208=ORIENTED_EDGE('',*,*,#2632,.T.);
#1209=ORIENTED_EDGE('',*,*,#2633,.T.);
#1210=ORIENTED_EDGE('',*,*,#2634,.T.);
#1211=CARTESIAN_POINT('',(6.42,9.0,4.13));
#1212=DIRECTION('',(-0.0,1.0,0.0));
#1213=DIRECTION('',(1.0,0.0,0.0));
#1214=ORIENTED_EDGE('',*,*,#2635,.T.);
#1215=ORIENTED_EDGE('',*,*,#2634,.F.);
#1216=ORIENTED_EDGE('',*,*,#2636,.F.);
#1217=ORIENTED_EDGE('',*,*,#2605,.T.);
#1218=CARTESIAN_POINT('',(3.765,10.0,-2.24));
#1219=DIRECTION('',(-1.0,0.0,0.0));
#1220=DIRECTION('',(0.0,0.0,1.0));
#1221=ORIENTED_EDGE('',*,*,#2636,.T.);
#1222=ORIENTED_EDGE('',*,*,#2633,.F.);
#1223=ORIENTED_EDGE('',*,*,#2637,.F.);
#1224=ORIENTED_EDGE('',*,*,#2600,.T.);
#1225=CARTESIAN_POINT('',(5.235,10.0,-2.24));
#1226=DIRECTION('',(0.0,0.0,-1.0));
#1227=DIRECTION('',(0.0,-1.0,0.0));
#1228=ORIENTED_EDGE('',*,*,#2637,.T.);
#1229=ORIENTED_EDGE('',*,*,#2632,.F.);
#1230=ORIENTED_EDGE('',*,*,#2638,.F.);
#1231=ORIENTED_EDGE('',*,*,#2601,.T.);
#1232=CARTESIAN_POINT('',(5.235,10.0,-0.99));
#1233=DIRECTION('',(1.0,0.0,0.0));
#1234=DIRECTION('',(0.0,1.0,0.0));
#1235=ORIENTED_EDGE('',*,*,#2638,.T.);
#1236=ORIENTED_EDGE('',*,*,#2631,.F.);
#1237=ORIENTED_EDGE('',*,*,#2639,.F.);
#1238=ORIENTED_EDGE('',*,*,#2602,.T.);
#1239=CARTESIAN_POINT('',(4.985,10.0,-0.74));
#1240=DIRECTION('',(0.707106781186598,0.0,0.707106781186498));
#1241=DIRECTION('',(0.0,-1.0,0.0));
#1242=ORIENTED_EDGE('',*,*,#2639,.T.);
#1243=ORIENTED_EDGE('',*,*,#2630,.F.);
#1244=ORIENTED_EDGE('',*,*,#2640,.F.);
#1245=ORIENTED_EDGE('',*,*,#2603,.T.);
#1246=CARTESIAN_POINT('',(4.015,10.0,-0.74));
#1247=DIRECTION('',(0.0,0.0,1.0));
#1248=DIRECTION('',(1.0,0.0,0.0));
#1249=ORIENTED_EDGE('',*,*,#2640,.T.);
#1250=ORIENTED_EDGE('',*,*,#2629,.F.);
#1251=ORIENTED_EDGE('',*,*,#2635,.F.);
#1252=ORIENTED_EDGE('',*,*,#2604,.T.);
#1253=CARTESIAN_POINT('',(3.765,10.0,-0.99));
#1254=DIRECTION('',(-0.707106781186598,0.0,0.707106781186498));
#1255=DIRECTION('',(0.0,1.0,0.0));
#1256=ORIENTED_EDGE('',*,*,#2586,.T.);
#1257=ORIENTED_EDGE('',*,*,#2641,.T.);
#1258=ORIENTED_EDGE('',*,*,#2610,.F.);
#1259=ORIENTED_EDGE('',*,*,#2642,.F.);
#1260=CARTESIAN_POINT('',(3.3,10.0,2.05));
#1261=DIRECTION('',(-0.707106781186548,0.0,0.707106781186548));
#1262=DIRECTION('',(0.0,1.0,0.0));
#1263=ORIENTED_EDGE('',*,*,#2609,.F.);
#1264=ORIENTED_EDGE('',*,*,#2643,.F.);
#1265=ORIENTED_EDGE('',*,*,#2587,.T.);
#1266=ORIENTED_EDGE('',*,*,#2642,.T.);
#1267=CARTESIAN_POINT('',(3.3,3.65,0.3));
#1268=DIRECTION('',(-1.0,0.0,0.0));
#1269=DIRECTION('',(0.0,0.0,1.0));
#1270=ORIENTED_EDGE('',*,*,#2643,.T.);
#1271=ORIENTED_EDGE('',*,*,#2608,.F.);
#1272=ORIENTED_EDGE('',*,*,#2644,.F.);
#1273=ORIENTED_EDGE('',*,*,#2583,.T.);
#1274=CARTESIAN_POINT('',(5.7,3.65,0.3));
#1275=DIRECTION('',(0.0,0.0,-1.0));
#1276=DIRECTION('',(0.0,-1.0,0.0));
#1277=ORIENTED_EDGE('',*,*,#2644,.T.);
#1278=ORIENTED_EDGE('',*,*,#2607,.F.);
#1279=ORIENTED_EDGE('',*,*,#2645,.F.);
#1280=ORIENTED_EDGE('',*,*,#2584,.T.);
#1281=CARTESIAN_POINT('',(5.7,3.65,2.7));
#1282=DIRECTION('',(1.0,0.0,0.0));
#1283=DIRECTION('',(0.0,1.0,0.0));
#1284=ORIENTED_EDGE('',*,*,#2585,.T.);
#1285=ORIENTED_EDGE('',*,*,#2645,.T.);
#1286=ORIENTED_EDGE('',*,*,#2606,.F.);
#1287=ORIENTED_EDGE('',*,*,#2641,.F.);
#1288=CARTESIAN_POINT('',(3.3,3.65,2.7));
#1289=DIRECTION('',(0.0,0.0,1.0));
#1290=DIRECTION('',(1.0,0.0,0.0));
#1291=ORIENTED_EDGE('',*,*,#2646,.F.);
#1292=ORIENTED_EDGE('',*,*,#2647,.F.);
#1293=ORIENTED_EDGE('',*,*,#2557,.T.);
#1294=ORIENTED_EDGE('',*,*,#2648,.T.);
#1295=CARTESIAN_POINT('',(-5.7,3.65,-0.3));
#1296=DIRECTION('',(0.0,0.0,1.0));
#1297=DIRECTION('',(1.0,0.0,0.0));
#1298=ORIENTED_EDGE('',*,*,#2649,.F.);
#1299=ORIENTED_EDGE('',*,*,#2648,.F.);
#1300=ORIENTED_EDGE('',*,*,#2556,.T.);
#1301=ORIENTED_EDGE('',*,*,#2650,.T.);
#1302=CARTESIAN_POINT('',(-3.95,10.0,-0.3));
#1303=DIRECTION('',(0.707106781186548,0.0,0.707106781186548));
#1304=DIRECTION('',(0.0,-1.0,0.0));
#1305=ORIENTED_EDGE('',*,*,#2555,.T.);
#1306=ORIENTED_EDGE('',*,*,#2651,.T.);
#1307=ORIENTED_EDGE('',*,*,#2652,.F.);
#1308=ORIENTED_EDGE('',*,*,#2650,.F.);
#1309=CARTESIAN_POINT('',(-3.3,3.65,-0.3));
#1310=DIRECTION('',(1.0,0.0,0.0));
#1311=DIRECTION('',(0.0,1.0,0.0));
#1312=ORIENTED_EDGE('',*,*,#2652,.T.);
#1313=ORIENTED_EDGE('',*,*,#2653,.T.);
#1314=ORIENTED_EDGE('',*,*,#2654,.T.);
#1315=ORIENTED_EDGE('',*,*,#2646,.T.);
#1316=ORIENTED_EDGE('',*,*,#2649,.T.);
#1317=ORIENTED_EDGE('',*,*,#2655,.F.);
#1318=ORIENTED_EDGE('',*,*,#2656,.F.);
#1319=ORIENTED_EDGE('',*,*,#2657,.F.);
#1320=ORIENTED_EDGE('',*,*,#2658,.F.);
#1321=ORIENTED_EDGE('',*,*,#2659,.F.);
#1322=ORIENTED_EDGE('',*,*,#2660,.F.);
#1323=CARTESIAN_POINT('',(6.42,10.0,4.13));
#1324=DIRECTION('',(0.0,-1.0,0.0));
#1325=DIRECTION('',(0.0,0.0,-1.0));
#1326=ORIENTED_EDGE('',*,*,#2661,.T.);
#1327=ORIENTED_EDGE('',*,*,#2662,.T.);
#1328=ORIENTED_EDGE('',*,*,#2663,.T.);
#1329=ORIENTED_EDGE('',*,*,#2664,.T.);
#1330=ORIENTED_EDGE('',*,*,#2665,.T.);
#1331=ORIENTED_EDGE('',*,*,#2666,.F.);
#1332=ORIENTED_EDGE('',*,*,#2667,.F.);
#1333=ORIENTED_EDGE('',*,*,#2668,.F.);
#1334=ORIENTED_EDGE('',*,*,#2669,.F.);
#1335=ORIENTED_EDGE('',*,*,#2670,.F.);
#1336=ORIENTED_EDGE('',*,*,#2671,.F.);
#1337=CARTESIAN_POINT('',(6.42,10.0,4.13));
#1338=DIRECTION('',(0.0,-1.0,0.0));
#1339=DIRECTION('',(0.0,0.0,-1.0));
#1340=ORIENTED_EDGE('',*,*,#2671,.T.);
#1341=ORIENTED_EDGE('',*,*,#2672,.T.);
#1342=ORIENTED_EDGE('',*,*,#2673,.F.);
#1343=ORIENTED_EDGE('',*,*,#2674,.F.);
#1344=CARTESIAN_POINT('',(-5.235,10.0,0.76));
#1345=DIRECTION('',(-1.0,0.0,0.0));
#1346=DIRECTION('',(0.0,0.0,1.0));
#1347=ORIENTED_EDGE('',*,*,#2675,.F.);
#1348=ORIENTED_EDGE('',*,*,#2676,.F.);
#1349=ORIENTED_EDGE('',*,*,#2666,.T.);
#1350=ORIENTED_EDGE('',*,*,#2674,.T.);
#1351=CARTESIAN_POINT('',(-3.765,10.0,0.76));
#1352=DIRECTION('',(0.0,0.0,-1.0));
#1353=DIRECTION('',(0.0,-1.0,0.0));
#1354=ORIENTED_EDGE('',*,*,#2677,.F.);
#1355=ORIENTED_EDGE('',*,*,#2678,.F.);
#1356=ORIENTED_EDGE('',*,*,#2667,.T.);
#1357=ORIENTED_EDGE('',*,*,#2676,.T.);
#1358=CARTESIAN_POINT('',(-3.765,10.0,2.01));
#1359=DIRECTION('',(1.0,0.0,0.0));
#1360=DIRECTION('',(0.0,1.0,0.0));
#1361=ORIENTED_EDGE('',*,*,#2668,.T.);
#1362=ORIENTED_EDGE('',*,*,#2678,.T.);
#1363=ORIENTED_EDGE('',*,*,#2679,.F.);
#1364=ORIENTED_EDGE('',*,*,#2680,.F.);
#1365=CARTESIAN_POINT('',(-4.015,10.0,2.26));
#1366=DIRECTION('',(0.707106781186598,0.0,0.707106781186498));
#1367=DIRECTION('',(0.0,-1.0,0.0));
#1368=ORIENTED_EDGE('',*,*,#2669,.T.);
#1369=ORIENTED_EDGE('',*,*,#2680,.T.);
#1370=ORIENTED_EDGE('',*,*,#2681,.F.);
#1371=ORIENTED_EDGE('',*,*,#2682,.F.);
#1372=CARTESIAN_POINT('',(-4.985,10.0,2.26));
#1373=DIRECTION('',(0.0,0.0,1.0));
#1374=DIRECTION('',(1.0,0.0,0.0));
#1375=ORIENTED_EDGE('',*,*,#2683,.F.);
#1376=ORIENTED_EDGE('',*,*,#2672,.F.);
#1377=ORIENTED_EDGE('',*,*,#2670,.T.);
#1378=ORIENTED_EDGE('',*,*,#2682,.T.);
#1379=CARTESIAN_POINT('',(-5.235,10.0,2.01));
#1380=DIRECTION('',(-0.707106781186598,0.0,0.707106781186498));
#1381=DIRECTION('',(0.0,1.0,0.0));
#1382=ORIENTED_EDGE('',*,*,#2683,.T.);
#1383=ORIENTED_EDGE('',*,*,#2681,.T.);
#1384=ORIENTED_EDGE('',*,*,#2679,.T.);
#1385=ORIENTED_EDGE('',*,*,#2677,.T.);
#1386=ORIENTED_EDGE('',*,*,#2675,.T.);
#1387=ORIENTED_EDGE('',*,*,#2673,.T.);
#1388=CARTESIAN_POINT('',(6.42,9.0,4.13));
#1389=DIRECTION('',(-0.0,1.0,0.0));
#1390=DIRECTION('',(1.0,0.0,0.0));
#1391=ORIENTED_EDGE('',*,*,#2684,.T.);
#1392=ORIENTED_EDGE('',*,*,#2685,.T.);
#1393=ORIENTED_EDGE('',*,*,#2686,.T.);
#1394=ORIENTED_EDGE('',*,*,#2687,.T.);
#1395=ORIENTED_EDGE('',*,*,#2688,.T.);
#1396=ORIENTED_EDGE('',*,*,#2689,.T.);
#1397=CARTESIAN_POINT('',(6.42,9.0,4.13));
#1398=DIRECTION('',(-0.0,1.0,0.0));
#1399=DIRECTION('',(1.0,0.0,0.0));
#1400=ORIENTED_EDGE('',*,*,#2660,.T.);
#1401=ORIENTED_EDGE('',*,*,#2690,.T.);
#1402=ORIENTED_EDGE('',*,*,#2689,.F.);
#1403=ORIENTED_EDGE('',*,*,#2691,.F.);
#1404=CARTESIAN_POINT('',(-5.235,10.0,-2.24));
#1405=DIRECTION('',(-1.0,0.0,0.0));
#1406=DIRECTION('',(0.0,0.0,1.0));
#1407=ORIENTED_EDGE('',*,*,#2688,.F.);
#1408=ORIENTED_EDGE('',*,*,#2692,.F.);
#1409=ORIENTED_EDGE('',*,*,#2655,.T.);
#1410=ORIENTED_EDGE('',*,*,#2691,.T.);
#1411=CARTESIAN_POINT('',(-3.765,10.0,-2.24));
#1412=DIRECTION('',(0.0,0.0,-1.0));
#1413=DIRECTION('',(0.0,-1.0,0.0));
#1414=ORIENTED_EDGE('',*,*,#2687,.F.);
#1415=ORIENTED_EDGE('',*,*,#2693,.F.);
#1416=ORIENTED_EDGE('',*,*,#2656,.T.);
#1417=ORIENTED_EDGE('',*,*,#2692,.T.);
#1418=CARTESIAN_POINT('',(-3.765,10.0,-0.99));
#1419=DIRECTION('',(1.0,0.0,0.0));
#1420=DIRECTION('',(0.0,1.0,0.0));
#1421=ORIENTED_EDGE('',*,*,#2657,.T.);
#1422=ORIENTED_EDGE('',*,*,#2693,.T.);
#1423=ORIENTED_EDGE('',*,*,#2686,.F.);
#1424=ORIENTED_EDGE('',*,*,#2694,.F.);
#1425=CARTESIAN_POINT('',(-4.015,10.0,-0.74));
#1426=DIRECTION('',(0.707106781186598,0.0,0.707106781186498));
#1427=DIRECTION('',(0.0,-1.0,0.0));
#1428=ORIENTED_EDGE('',*,*,#2658,.T.);
#1429=ORIENTED_EDGE('',*,*,#2694,.T.);
#1430=ORIENTED_EDGE('',*,*,#2685,.F.);
#1431=ORIENTED_EDGE('',*,*,#2695,.F.);
#1432=CARTESIAN_POINT('',(-4.985,10.0,-0.74));
#1433=DIRECTION('',(0.0,0.0,1.0));
#1434=DIRECTION('',(1.0,0.0,0.0));
#1435=ORIENTED_EDGE('',*,*,#2684,.F.);
#1436=ORIENTED_EDGE('',*,*,#2690,.F.);
#1437=ORIENTED_EDGE('',*,*,#2659,.T.);
#1438=ORIENTED_EDGE('',*,*,#2695,.T.);
#1439=CARTESIAN_POINT('',(-5.235,10.0,-0.99));
#1440=DIRECTION('',(-0.707106781186598,0.0,0.707106781186498));
#1441=DIRECTION('',(0.0,1.0,0.0));
#1442=ORIENTED_EDGE('',*,*,#2647,.T.);
#1443=ORIENTED_EDGE('',*,*,#2654,.F.);
#1444=ORIENTED_EDGE('',*,*,#2696,.F.);
#1445=ORIENTED_EDGE('',*,*,#2553,.T.);
#1446=CARTESIAN_POINT('',(-5.7,3.65,-2.7));
#1447=DIRECTION('',(-1.0,0.0,0.0));
#1448=DIRECTION('',(0.0,0.0,1.0));
#1449=ORIENTED_EDGE('',*,*,#2696,.T.);
#1450=ORIENTED_EDGE('',*,*,#2653,.F.);
#1451=ORIENTED_EDGE('',*,*,#2651,.F.);
#1452=ORIENTED_EDGE('',*,*,#2554,.T.);
#1453=CARTESIAN_POINT('',(-3.3,3.65,-2.7));
#1454=DIRECTION('',(0.0,0.0,-1.0));
#1455=DIRECTION('',(0.0,-1.0,0.0));
#1456=ORIENTED_EDGE('',*,*,#2665,.F.);
#1457=ORIENTED_EDGE('',*,*,#2697,.F.);
#1458=ORIENTED_EDGE('',*,*,#2561,.T.);
#1459=ORIENTED_EDGE('',*,*,#2698,.T.);
#1460=CARTESIAN_POINT('',(-3.95,10.0,2.7));
#1461=DIRECTION('',(0.707106781186548,0.0,0.707106781186548));
#1462=DIRECTION('',(0.0,-1.0,0.0));
#1463=ORIENTED_EDGE('',*,*,#2560,.T.);
#1464=ORIENTED_EDGE('',*,*,#2699,.T.);
#1465=ORIENTED_EDGE('',*,*,#2661,.F.);
#1466=ORIENTED_EDGE('',*,*,#2698,.F.);
#1467=CARTESIAN_POINT('',(-3.3,3.65,2.7));
#1468=DIRECTION('',(1.0,0.0,0.0));
#1469=DIRECTION('',(0.0,1.0,0.0));
#1470=ORIENTED_EDGE('',*,*,#2700,.T.);
#1471=ORIENTED_EDGE('',*,*,#2662,.F.);
#1472=ORIENTED_EDGE('',*,*,#2699,.F.);
#1473=ORIENTED_EDGE('',*,*,#2559,.T.);
#1474=CARTESIAN_POINT('',(-3.3,3.65,0.3));
#1475=DIRECTION('',(0.0,0.0,-1.0));
#1476=DIRECTION('',(0.0,-1.0,0.0));
#1477=ORIENTED_EDGE('',*,*,#2701,.T.);
#1478=ORIENTED_EDGE('',*,*,#2663,.F.);
#1479=ORIENTED_EDGE('',*,*,#2700,.F.);
#1480=ORIENTED_EDGE('',*,*,#2558,.T.);
#1481=CARTESIAN_POINT('',(-5.7,3.65,0.3));
#1482=DIRECTION('',(-1.0,0.0,0.0));
#1483=DIRECTION('',(0.0,0.0,1.0));
#1484=ORIENTED_EDGE('',*,*,#2664,.F.);
#1485=ORIENTED_EDGE('',*,*,#2701,.F.);
#1486=ORIENTED_EDGE('',*,*,#2562,.T.);
#1487=ORIENTED_EDGE('',*,*,#2697,.T.);
#1488=CARTESIAN_POINT('',(-5.7,3.65,2.7));
#1489=DIRECTION('',(0.0,0.0,1.0));
#1490=DIRECTION('',(1.0,0.0,0.0));
#1491=ORIENTED_EDGE('',*,*,#2702,.F.);
#1492=ORIENTED_EDGE('',*,*,#2703,.F.);
#1493=ORIENTED_EDGE('',*,*,#2567,.T.);
#1494=ORIENTED_EDGE('',*,*,#2704,.T.);
#1495=CARTESIAN_POINT('',(-2.7,3.65,0.3));
#1496=DIRECTION('',(-1.0,0.0,0.0));
#1497=DIRECTION('',(0.0,0.0,1.0));
#1498=ORIENTED_EDGE('',*,*,#2566,.T.);
#1499=ORIENTED_EDGE('',*,*,#2705,.T.);
#1500=ORIENTED_EDGE('',*,*,#2706,.F.);
#1501=ORIENTED_EDGE('',*,*,#2704,.F.);
#1502=CARTESIAN_POINT('',(-2.7,10.0,2.05));
#1503=DIRECTION('',(-0.707106781186548,0.0,0.707106781186548));
#1504=DIRECTION('',(0.0,1.0,0.0));
#1505=ORIENTED_EDGE('',*,*,#2707,.T.);
#1506=ORIENTED_EDGE('',*,*,#2708,.T.);
#1507=ORIENTED_EDGE('',*,*,#2709,.T.);
#1508=ORIENTED_EDGE('',*,*,#2710,.T.);
#1509=ORIENTED_EDGE('',*,*,#2711,.T.);
#1510=ORIENTED_EDGE('',*,*,#2712,.F.);
#1511=ORIENTED_EDGE('',*,*,#2713,.F.);
#1512=ORIENTED_EDGE('',*,*,#2714,.F.);
#1513=ORIENTED_EDGE('',*,*,#2715,.F.);
#1514=ORIENTED_EDGE('',*,*,#2716,.F.);
#1515=ORIENTED_EDGE('',*,*,#2717,.F.);
#1516=CARTESIAN_POINT('',(6.42,10.0,4.13));
#1517=DIRECTION('',(0.0,-1.0,0.0));
#1518=DIRECTION('',(0.0,0.0,-1.0));
#1519=ORIENTED_EDGE('',*,*,#2718,.T.);
#1520=ORIENTED_EDGE('',*,*,#2719,.T.);
#1521=ORIENTED_EDGE('',*,*,#2720,.T.);
#1522=ORIENTED_EDGE('',*,*,#2702,.T.);
#1523=ORIENTED_EDGE('',*,*,#2706,.T.);
#1524=ORIENTED_EDGE('',*,*,#2721,.F.);
#1525=ORIENTED_EDGE('',*,*,#2722,.F.);
#1526=ORIENTED_EDGE('',*,*,#2723,.F.);
#1527=ORIENTED_EDGE('',*,*,#2724,.F.);
#1528=ORIENTED_EDGE('',*,*,#2725,.F.);
#1529=ORIENTED_EDGE('',*,*,#2726,.F.);
#1530=CARTESIAN_POINT('',(6.42,10.0,4.13));
#1531=DIRECTION('',(0.0,-1.0,0.0));
#1532=DIRECTION('',(0.0,0.0,-1.0));
#1533=ORIENTED_EDGE('',*,*,#2727,.T.);
#1534=ORIENTED_EDGE('',*,*,#2728,.F.);
#1535=ORIENTED_EDGE('',*,*,#2729,.F.);
#1536=ORIENTED_EDGE('',*,*,#2726,.T.);
#1537=CARTESIAN_POINT('',(-2.235,10.0,0.76));
#1538=DIRECTION('',(-1.0,0.0,0.0));
#1539=DIRECTION('',(0.0,0.0,1.0));
#1540=ORIENTED_EDGE('',*,*,#2729,.T.);
#1541=ORIENTED_EDGE('',*,*,#2730,.F.);
#1542=ORIENTED_EDGE('',*,*,#2731,.F.);
#1543=ORIENTED_EDGE('',*,*,#2721,.T.);
#1544=CARTESIAN_POINT('',(-0.765,10.0,0.76));
#1545=DIRECTION('',(0.0,0.0,-1.0));
#1546=DIRECTION('',(0.0,-1.0,0.0));
#1547=ORIENTED_EDGE('',*,*,#2731,.T.);
#1548=ORIENTED_EDGE('',*,*,#2732,.F.);
#1549=ORIENTED_EDGE('',*,*,#2733,.F.);
#1550=ORIENTED_EDGE('',*,*,#2722,.T.);
#1551=CARTESIAN_POINT('',(-0.765,10.0,2.01));
#1552=DIRECTION('',(1.0,0.0,0.0));
#1553=DIRECTION('',(0.0,1.0,0.0));
#1554=ORIENTED_EDGE('',*,*,#2733,.T.);
#1555=ORIENTED_EDGE('',*,*,#2734,.F.);
#1556=ORIENTED_EDGE('',*,*,#2735,.F.);
#1557=ORIENTED_EDGE('',*,*,#2723,.T.);
#1558=CARTESIAN_POINT('',(-1.015,10.0,2.26));
#1559=DIRECTION('',(0.707106781186598,0.0,0.707106781186498));
#1560=DIRECTION('',(0.0,-1.0,0.0));
#1561=ORIENTED_EDGE('',*,*,#2735,.T.);
#1562=ORIENTED_EDGE('',*,*,#2736,.F.);
#1563=ORIENTED_EDGE('',*,*,#2737,.F.);
#1564=ORIENTED_EDGE('',*,*,#2724,.T.);
#1565=CARTESIAN_POINT('',(-1.985,10.0,2.26));
#1566=DIRECTION('',(0.0,0.0,1.0));
#1567=DIRECTION('',(1.0,0.0,0.0));
#1568=ORIENTED_EDGE('',*,*,#2737,.T.);
#1569=ORIENTED_EDGE('',*,*,#2738,.F.);
#1570=ORIENTED_EDGE('',*,*,#2727,.F.);
#1571=ORIENTED_EDGE('',*,*,#2725,.T.);
#1572=CARTESIAN_POINT('',(-2.235,10.0,2.01));
#1573=DIRECTION('',(-0.707106781186598,0.0,0.707106781186498));
#1574=DIRECTION('',(0.0,1.0,0.0));
#1575=ORIENTED_EDGE('',*,*,#2738,.T.);
#1576=ORIENTED_EDGE('',*,*,#2736,.T.);
#1577=ORIENTED_EDGE('',*,*,#2734,.T.);
#1578=ORIENTED_EDGE('',*,*,#2732,.T.);
#1579=ORIENTED_EDGE('',*,*,#2730,.T.);
#1580=ORIENTED_EDGE('',*,*,#2728,.T.);
#1581=CARTESIAN_POINT('',(6.42,9.0,4.13));
#1582=DIRECTION('',(-0.0,1.0,0.0));
#1583=DIRECTION('',(1.0,0.0,0.0));
#1584=ORIENTED_EDGE('',*,*,#2739,.T.);
#1585=ORIENTED_EDGE('',*,*,#2740,.T.);
#1586=ORIENTED_EDGE('',*,*,#2741,.T.);
#1587=ORIENTED_EDGE('',*,*,#2742,.T.);
#1588=ORIENTED_EDGE('',*,*,#2743,.T.);
#1589=ORIENTED_EDGE('',*,*,#2744,.T.);
#1590=CARTESIAN_POINT('',(6.42,9.0,4.13));
#1591=DIRECTION('',(-0.0,1.0,0.0));
#1592=DIRECTION('',(1.0,0.0,0.0));
#1593=ORIENTED_EDGE('',*,*,#2745,.T.);
#1594=ORIENTED_EDGE('',*,*,#2744,.F.);
#1595=ORIENTED_EDGE('',*,*,#2746,.F.);
#1596=ORIENTED_EDGE('',*,*,#2717,.T.);
#1597=CARTESIAN_POINT('',(-2.235,10.0,-2.24));
#1598=DIRECTION('',(-1.0,0.0,0.0));
#1599=DIRECTION('',(0.0,0.0,1.0));
#1600=ORIENTED_EDGE('',*,*,#2746,.T.);
#1601=ORIENTED_EDGE('',*,*,#2743,.F.);
#1602=ORIENTED_EDGE('',*,*,#2747,.F.);
#1603=ORIENTED_EDGE('',*,*,#2712,.T.);
#1604=CARTESIAN_POINT('',(-0.765,10.0,-2.24));
#1605=DIRECTION('',(0.0,0.0,-1.0));
#1606=DIRECTION('',(0.0,-1.0,0.0));
#1607=ORIENTED_EDGE('',*,*,#2747,.T.);
#1608=ORIENTED_EDGE('',*,*,#2742,.F.);
#1609=ORIENTED_EDGE('',*,*,#2748,.F.);
#1610=ORIENTED_EDGE('',*,*,#2713,.T.);
#1611=CARTESIAN_POINT('',(-0.765,10.0,-0.99));
#1612=DIRECTION('',(1.0,0.0,0.0));
#1613=DIRECTION('',(0.0,1.0,0.0));
#1614=ORIENTED_EDGE('',*,*,#2748,.T.);
#1615=ORIENTED_EDGE('',*,*,#2741,.F.);
#1616=ORIENTED_EDGE('',*,*,#2749,.F.);
#1617=ORIENTED_EDGE('',*,*,#2714,.T.);
#1618=CARTESIAN_POINT('',(-1.015,10.0,-0.74));
#1619=DIRECTION('',(0.707106781186598,0.0,0.707106781186498));
#1620=DIRECTION('',(0.0,-1.0,0.0));
#1621=ORIENTED_EDGE('',*,*,#2749,.T.);
#1622=ORIENTED_EDGE('',*,*,#2740,.F.);
#1623=ORIENTED_EDGE('',*,*,#2750,.F.);
#1624=ORIENTED_EDGE('',*,*,#2715,.T.);
#1625=CARTESIAN_POINT('',(-1.985,10.0,-0.74));
#1626=DIRECTION('',(0.0,0.0,1.0));
#1627=DIRECTION('',(1.0,0.0,0.0));
#1628=ORIENTED_EDGE('',*,*,#2750,.T.);
#1629=ORIENTED_EDGE('',*,*,#2739,.F.);
#1630=ORIENTED_EDGE('',*,*,#2745,.F.);
#1631=ORIENTED_EDGE('',*,*,#2716,.T.);
#1632=CARTESIAN_POINT('',(-2.235,10.0,-0.99));
#1633=DIRECTION('',(-0.707106781186598,0.0,0.707106781186498));
#1634=DIRECTION('',(0.0,1.0,0.0));
#1635=ORIENTED_EDGE('',*,*,#2571,.T.);
#1636=ORIENTED_EDGE('',*,*,#2751,.T.);
#1637=ORIENTED_EDGE('',*,*,#2711,.F.);
#1638=ORIENTED_EDGE('',*,*,#2752,.F.);
#1639=CARTESIAN_POINT('',(-2.7,10.0,-0.95));
#1640=DIRECTION('',(-0.707106781186548,0.0,0.707106781186548));
#1641=DIRECTION('',(0.0,1.0,0.0));
#1642=ORIENTED_EDGE('',*,*,#2710,.F.);
#1643=ORIENTED_EDGE('',*,*,#2753,.F.);
#1644=ORIENTED_EDGE('',*,*,#2572,.T.);
#1645=ORIENTED_EDGE('',*,*,#2752,.T.);
#1646=CARTESIAN_POINT('',(-2.7,3.65,-2.7));
#1647=DIRECTION('',(-1.0,0.0,0.0));
#1648=DIRECTION('',(0.0,0.0,1.0));
#1649=ORIENTED_EDGE('',*,*,#2753,.T.);
#1650=ORIENTED_EDGE('',*,*,#2709,.F.);
#1651=ORIENTED_EDGE('',*,*,#2754,.F.);
#1652=ORIENTED_EDGE('',*,*,#2568,.T.);
#1653=CARTESIAN_POINT('',(-0.3,3.65,-2.7));
#1654=DIRECTION('',(0.0,0.0,-1.0));
#1655=DIRECTION('',(0.0,-1.0,0.0));
#1656=ORIENTED_EDGE('',*,*,#2754,.T.);
#1657=ORIENTED_EDGE('',*,*,#2708,.F.);
#1658=ORIENTED_EDGE('',*,*,#2755,.F.);
#1659=ORIENTED_EDGE('',*,*,#2569,.T.);
#1660=CARTESIAN_POINT('',(-0.3,3.65,-0.3));
#1661=DIRECTION('',(1.0,0.0,0.0));
#1662=DIRECTION('',(0.0,1.0,0.0));
#1663=ORIENTED_EDGE('',*,*,#2570,.T.);
#1664=ORIENTED_EDGE('',*,*,#2755,.T.);
#1665=ORIENTED_EDGE('',*,*,#2707,.F.);
#1666=ORIENTED_EDGE('',*,*,#2751,.F.);
#1667=CARTESIAN_POINT('',(-2.7,3.65,-0.3));
#1668=DIRECTION('',(0.0,0.0,1.0));
#1669=DIRECTION('',(1.0,0.0,0.0));
#1670=ORIENTED_EDGE('',*,*,#2703,.T.);
#1671=ORIENTED_EDGE('',*,*,#2720,.F.);
#1672=ORIENTED_EDGE('',*,*,#2756,.F.);
#1673=ORIENTED_EDGE('',*,*,#2563,.T.);
#1674=CARTESIAN_POINT('',(-0.3,3.65,0.3));
#1675=DIRECTION('',(0.0,0.0,-1.0));
#1676=DIRECTION('',(0.0,-1.0,0.0));
#1677=ORIENTED_EDGE('',*,*,#2756,.T.);
#1678=ORIENTED_EDGE('',*,*,#2719,.F.);
#1679=ORIENTED_EDGE('',*,*,#2757,.F.);
#1680=ORIENTED_EDGE('',*,*,#2564,.T.);
#1681=CARTESIAN_POINT('',(-0.3,3.65,2.7));
#1682=DIRECTION('',(1.0,0.0,0.0));
#1683=DIRECTION('',(0.0,1.0,0.0));
#1684=ORIENTED_EDGE('',*,*,#2565,.T.);
#1685=ORIENTED_EDGE('',*,*,#2757,.T.);
#1686=ORIENTED_EDGE('',*,*,#2718,.F.);
#1687=ORIENTED_EDGE('',*,*,#2705,.F.);
#1688=CARTESIAN_POINT('',(-2.7,3.65,2.7));
#1689=DIRECTION('',(0.0,0.0,1.0));
#1690=DIRECTION('',(1.0,0.0,0.0));
#1691=ORIENTED_EDGE('',*,*,#2758,.F.);
#1692=ORIENTED_EDGE('',*,*,#2759,.F.);
#1693=ORIENTED_EDGE('',*,*,#2577,.T.);
#1694=ORIENTED_EDGE('',*,*,#2760,.T.);
#1695=CARTESIAN_POINT('',(0.3,3.65,-0.3));
#1696=DIRECTION('',(0.0,0.0,1.0));
#1697=DIRECTION('',(1.0,0.0,0.0));
#1698=ORIENTED_EDGE('',*,*,#2761,.F.);
#1699=ORIENTED_EDGE('',*,*,#2760,.F.);
#1700=ORIENTED_EDGE('',*,*,#2576,.T.);
#1701=ORIENTED_EDGE('',*,*,#2762,.T.);
#1702=CARTESIAN_POINT('',(2.05,10.0,-0.3));
#1703=DIRECTION('',(0.707106781186548,0.0,0.707106781186548));
#1704=DIRECTION('',(0.0,-1.0,0.0));
#1705=ORIENTED_EDGE('',*,*,#2575,.T.);
#1706=ORIENTED_EDGE('',*,*,#2763,.T.);
#1707=ORIENTED_EDGE('',*,*,#2764,.F.);
#1708=ORIENTED_EDGE('',*,*,#2762,.F.);
#1709=CARTESIAN_POINT('',(2.7,3.65,-0.3));
#1710=DIRECTION('',(1.0,0.0,0.0));
#1711=DIRECTION('',(0.0,1.0,0.0));
#1712=ORIENTED_EDGE('',*,*,#2764,.T.);
#1713=ORIENTED_EDGE('',*,*,#2765,.T.);
#1714=ORIENTED_EDGE('',*,*,#2766,.T.);
#1715=ORIENTED_EDGE('',*,*,#2758,.T.);
#1716=ORIENTED_EDGE('',*,*,#2761,.T.);
#1717=ORIENTED_EDGE('',*,*,#2767,.F.);
#1718=ORIENTED_EDGE('',*,*,#2768,.F.);
#1719=ORIENTED_EDGE('',*,*,#2769,.F.);
#1720=ORIENTED_EDGE('',*,*,#2770,.F.);
#1721=ORIENTED_EDGE('',*,*,#2771,.F.);
#1722=ORIENTED_EDGE('',*,*,#2772,.F.);
#1723=CARTESIAN_POINT('',(6.42,10.0,4.13));
#1724=DIRECTION('',(0.0,-1.0,0.0));
#1725=DIRECTION('',(0.0,0.0,-1.0));
#1726=ORIENTED_EDGE('',*,*,#2773,.T.);
#1727=ORIENTED_EDGE('',*,*,#2774,.T.);
#1728=ORIENTED_EDGE('',*,*,#2775,.T.);
#1729=ORIENTED_EDGE('',*,*,#2776,.T.);
#1730=ORIENTED_EDGE('',*,*,#2777,.T.);
#1731=ORIENTED_EDGE('',*,*,#2778,.F.);
#1732=ORIENTED_EDGE('',*,*,#2779,.F.);
#1733=ORIENTED_EDGE('',*,*,#2780,.F.);
#1734=ORIENTED_EDGE('',*,*,#2781,.F.);
#1735=ORIENTED_EDGE('',*,*,#2782,.F.);
#1736=ORIENTED_EDGE('',*,*,#2783,.F.);
#1737=CARTESIAN_POINT('',(6.42,10.0,4.13));
#1738=DIRECTION('',(0.0,-1.0,0.0));
#1739=DIRECTION('',(0.0,0.0,-1.0));
#1740=ORIENTED_EDGE('',*,*,#2784,.T.);
#1741=ORIENTED_EDGE('',*,*,#2785,.F.);
#1742=ORIENTED_EDGE('',*,*,#2786,.F.);
#1743=ORIENTED_EDGE('',*,*,#2783,.T.);
#1744=CARTESIAN_POINT('',(0.765,10.0,0.76));
#1745=DIRECTION('',(-1.0,0.0,0.0));
#1746=DIRECTION('',(0.0,0.0,1.0));
#1747=ORIENTED_EDGE('',*,*,#2786,.T.);
#1748=ORIENTED_EDGE('',*,*,#2787,.F.);
#1749=ORIENTED_EDGE('',*,*,#2788,.F.);
#1750=ORIENTED_EDGE('',*,*,#2778,.T.);
#1751=CARTESIAN_POINT('',(2.235,10.0,0.76));
#1752=DIRECTION('',(0.0,0.0,-1.0));
#1753=DIRECTION('',(0.0,-1.0,0.0));
#1754=ORIENTED_EDGE('',*,*,#2788,.T.);
#1755=ORIENTED_EDGE('',*,*,#2789,.F.);
#1756=ORIENTED_EDGE('',*,*,#2790,.F.);
#1757=ORIENTED_EDGE('',*,*,#2779,.T.);
#1758=CARTESIAN_POINT('',(2.235,10.0,2.01));
#1759=DIRECTION('',(1.0,0.0,0.0));
#1760=DIRECTION('',(0.0,1.0,0.0));
#1761=ORIENTED_EDGE('',*,*,#2790,.T.);
#1762=ORIENTED_EDGE('',*,*,#2791,.F.);
#1763=ORIENTED_EDGE('',*,*,#2792,.F.);
#1764=ORIENTED_EDGE('',*,*,#2780,.T.);
#1765=CARTESIAN_POINT('',(1.985,10.0,2.26));
#1766=DIRECTION('',(0.707106781186598,0.0,0.707106781186498));
#1767=DIRECTION('',(0.0,-1.0,0.0));
#1768=ORIENTED_EDGE('',*,*,#2792,.T.);
#1769=ORIENTED_EDGE('',*,*,#2793,.F.);
#1770=ORIENTED_EDGE('',*,*,#2794,.F.);
#1771=ORIENTED_EDGE('',*,*,#2781,.T.);
#1772=CARTESIAN_POINT('',(1.015,10.0,2.26));
#1773=DIRECTION('',(0.0,0.0,1.0));
#1774=DIRECTION('',(1.0,0.0,0.0));
#1775=ORIENTED_EDGE('',*,*,#2794,.T.);
#1776=ORIENTED_EDGE('',*,*,#2795,.F.);
#1777=ORIENTED_EDGE('',*,*,#2784,.F.);
#1778=ORIENTED_EDGE('',*,*,#2782,.T.);
#1779=CARTESIAN_POINT('',(0.765,10.0,2.01));
#1780=DIRECTION('',(-0.707106781186598,0.0,0.707106781186498));
#1781=DIRECTION('',(0.0,1.0,0.0));
#1782=ORIENTED_EDGE('',*,*,#2795,.T.);
#1783=ORIENTED_EDGE('',*,*,#2793,.T.);
#1784=ORIENTED_EDGE('',*,*,#2791,.T.);
#1785=ORIENTED_EDGE('',*,*,#2789,.T.);
#1786=ORIENTED_EDGE('',*,*,#2787,.T.);
#1787=ORIENTED_EDGE('',*,*,#2785,.T.);
#1788=CARTESIAN_POINT('',(6.42,9.0,4.13));
#1789=DIRECTION('',(-0.0,1.0,0.0));
#1790=DIRECTION('',(1.0,0.0,0.0));
#1791=ORIENTED_EDGE('',*,*,#2796,.T.);
#1792=ORIENTED_EDGE('',*,*,#2797,.T.);
#1793=ORIENTED_EDGE('',*,*,#2798,.T.);
#1794=ORIENTED_EDGE('',*,*,#2799,.T.);
#1795=ORIENTED_EDGE('',*,*,#2800,.T.);
#1796=ORIENTED_EDGE('',*,*,#2801,.T.);
#1797=CARTESIAN_POINT('',(6.42,9.0,4.13));
#1798=DIRECTION('',(-0.0,1.0,0.0));
#1799=DIRECTION('',(1.0,0.0,0.0));
#1800=ORIENTED_EDGE('',*,*,#2802,.T.);
#1801=ORIENTED_EDGE('',*,*,#2801,.F.);
#1802=ORIENTED_EDGE('',*,*,#2803,.F.);
#1803=ORIENTED_EDGE('',*,*,#2772,.T.);
#1804=CARTESIAN_POINT('',(0.765,10.0,-2.24));
#1805=DIRECTION('',(-1.0,0.0,0.0));
#1806=DIRECTION('',(0.0,0.0,1.0));
#1807=ORIENTED_EDGE('',*,*,#2803,.T.);
#1808=ORIENTED_EDGE('',*,*,#2800,.F.);
#1809=ORIENTED_EDGE('',*,*,#2804,.F.);
#1810=ORIENTED_EDGE('',*,*,#2767,.T.);
#1811=CARTESIAN_POINT('',(2.235,10.0,-2.24));
#1812=DIRECTION('',(0.0,0.0,-1.0));
#1813=DIRECTION('',(0.0,-1.0,0.0));
#1814=ORIENTED_EDGE('',*,*,#2804,.T.);
#1815=ORIENTED_EDGE('',*,*,#2799,.F.);
#1816=ORIENTED_EDGE('',*,*,#2805,.F.);
#1817=ORIENTED_EDGE('',*,*,#2768,.T.);
#1818=CARTESIAN_POINT('',(2.235,10.0,-0.99));
#1819=DIRECTION('',(1.0,0.0,0.0));
#1820=DIRECTION('',(0.0,1.0,0.0));
#1821=ORIENTED_EDGE('',*,*,#2805,.T.);
#1822=ORIENTED_EDGE('',*,*,#2798,.F.);
#1823=ORIENTED_EDGE('',*,*,#2806,.F.);
#1824=ORIENTED_EDGE('',*,*,#2769,.T.);
#1825=CARTESIAN_POINT('',(1.985,10.0,-0.74));
#1826=DIRECTION('',(0.707106781186598,0.0,0.707106781186498));
#1827=DIRECTION('',(0.0,-1.0,0.0));
#1828=ORIENTED_EDGE('',*,*,#2806,.T.);
#1829=ORIENTED_EDGE('',*,*,#2797,.F.);
#1830=ORIENTED_EDGE('',*,*,#2807,.F.);
#1831=ORIENTED_EDGE('',*,*,#2770,.T.);
#1832=CARTESIAN_POINT('',(1.015,10.0,-0.74));
#1833=DIRECTION('',(0.0,0.0,1.0));
#1834=DIRECTION('',(1.0,0.0,0.0));
#1835=ORIENTED_EDGE('',*,*,#2807,.T.);
#1836=ORIENTED_EDGE('',*,*,#2796,.F.);
#1837=ORIENTED_EDGE('',*,*,#2802,.F.);
#1838=ORIENTED_EDGE('',*,*,#2771,.T.);
#1839=CARTESIAN_POINT('',(0.765,10.0,-0.99));
#1840=DIRECTION('',(-0.707106781186598,0.0,0.707106781186498));
#1841=DIRECTION('',(0.0,1.0,0.0));
#1842=ORIENTED_EDGE('',*,*,#2759,.T.);
#1843=ORIENTED_EDGE('',*,*,#2766,.F.);
#1844=ORIENTED_EDGE('',*,*,#2808,.F.);
#1845=ORIENTED_EDGE('',*,*,#2573,.T.);
#1846=CARTESIAN_POINT('',(0.3,3.65,-2.7));
#1847=DIRECTION('',(-1.0,0.0,0.0));
#1848=DIRECTION('',(0.0,0.0,1.0));
#1849=ORIENTED_EDGE('',*,*,#2808,.T.);
#1850=ORIENTED_EDGE('',*,*,#2765,.F.);
#1851=ORIENTED_EDGE('',*,*,#2763,.F.);
#1852=ORIENTED_EDGE('',*,*,#2574,.T.);
#1853=CARTESIAN_POINT('',(2.7,3.65,-2.7));
#1854=DIRECTION('',(0.0,0.0,-1.0));
#1855=DIRECTION('',(0.0,-1.0,0.0));
#1856=ORIENTED_EDGE('',*,*,#2777,.F.);
#1857=ORIENTED_EDGE('',*,*,#2809,.F.);
#1858=ORIENTED_EDGE('',*,*,#2581,.T.);
#1859=ORIENTED_EDGE('',*,*,#2810,.T.);
#1860=CARTESIAN_POINT('',(2.05,10.0,2.7));
#1861=DIRECTION('',(0.707106781186548,0.0,0.707106781186548));
#1862=DIRECTION('',(0.0,-1.0,0.0));
#1863=ORIENTED_EDGE('',*,*,#2580,.T.);
#1864=ORIENTED_EDGE('',*,*,#2811,.T.);
#1865=ORIENTED_EDGE('',*,*,#2773,.F.);
#1866=ORIENTED_EDGE('',*,*,#2810,.F.);
#1867=CARTESIAN_POINT('',(2.7,3.65,2.7));
#1868=DIRECTION('',(1.0,0.0,0.0));
#1869=DIRECTION('',(0.0,1.0,0.0));
#1870=ORIENTED_EDGE('',*,*,#2812,.T.);
#1871=ORIENTED_EDGE('',*,*,#2774,.F.);
#1872=ORIENTED_EDGE('',*,*,#2811,.F.);
#1873=ORIENTED_EDGE('',*,*,#2579,.T.);
#1874=CARTESIAN_POINT('',(2.7,3.65,0.3));
#1875=DIRECTION('',(0.0,0.0,-1.0));
#1876=DIRECTION('',(0.0,-1.0,0.0));
#1877=ORIENTED_EDGE('',*,*,#2813,.T.);
#1878=ORIENTED_EDGE('',*,*,#2775,.F.);
#1879=ORIENTED_EDGE('',*,*,#2812,.F.);
#1880=ORIENTED_EDGE('',*,*,#2578,.T.);
#1881=CARTESIAN_POINT('',(0.3,3.65,0.3));
#1882=DIRECTION('',(-1.0,0.0,0.0));
#1883=DIRECTION('',(0.0,0.0,1.0));
#1884=ORIENTED_EDGE('',*,*,#2776,.F.);
#1885=ORIENTED_EDGE('',*,*,#2813,.F.);
#1886=ORIENTED_EDGE('',*,*,#2582,.T.);
#1887=ORIENTED_EDGE('',*,*,#2809,.T.);
#1888=CARTESIAN_POINT('',(0.3,3.65,2.7));
#1889=DIRECTION('',(0.0,0.0,1.0));
#1890=DIRECTION('',(1.0,0.0,0.0));
#1891=ORIENTED_EDGE('',*,*,#2547,.F.);
#1892=ORIENTED_EDGE('',*,*,#2552,.T.);
#1893=ORIENTED_EDGE('',*,*,#2545,.T.);
#1894=ORIENTED_EDGE('',*,*,#2814,.F.);
#1895=CARTESIAN_POINT('',(-4.54,3.65,3.43));
#1896=DIRECTION('',(0.0,1.0,-0.0));
#1897=DIRECTION('',(1.0,0.0,0.0));
#1898=ORIENTED_EDGE('',*,*,#2544,.F.);
#1899=ORIENTED_EDGE('',*,*,#2815,.F.);
#1900=ORIENTED_EDGE('',*,*,#2816,.T.);
#1901=ORIENTED_EDGE('',*,*,#2533,.F.);
#1902=ORIENTED_EDGE('',*,*,#2548,.F.);
#1903=ORIENTED_EDGE('',*,*,#2814,.T.);
#1904=CARTESIAN_POINT('',(6.42,-2.98,3.43));
#1905=DIRECTION('',(-0.0,1.0,0.0));
#1906=DIRECTION('',(1.0,0.0,0.0));
#1907=ORIENTED_EDGE('',*,*,#2816,.F.);
#1908=ORIENTED_EDGE('',*,*,#2817,.F.);
#1909=ORIENTED_EDGE('',*,*,#2818,.T.);
#1910=ORIENTED_EDGE('',*,*,#2534,.F.);
#1911=CARTESIAN_POINT('',(6.42,-3.28,3.83));
#1912=DIRECTION('',(-1.0,0.0,-0.0));
#1913=DIRECTION('',(0.0,0.0,-1.0));
#1914=ORIENTED_EDGE('',*,*,#2818,.F.);
#1915=ORIENTED_EDGE('',*,*,#2819,.F.);
#1916=ORIENTED_EDGE('',*,*,#2820,.T.);
#1917=ORIENTED_EDGE('',*,*,#2535,.F.);
#1918=CARTESIAN_POINT('',(6.42,-3.28,4.13));
#1919=DIRECTION('',(0.0,0.0,1.0));
#1920=DIRECTION('',(1.0,0.0,0.0));
#1921=ORIENTED_EDGE('',*,*,#2821,.T.);
#1922=ORIENTED_EDGE('',*,*,#2822,.T.);
#1923=ORIENTED_EDGE('',*,*,#2536,.F.);
#1924=ORIENTED_EDGE('',*,*,#2820,.F.);
#1925=ORIENTED_EDGE('',*,*,#2823,.F.);
#1926=ORIENTED_EDGE('',*,*,#2824,.T.);
#1927=ORIENTED_EDGE('',*,*,#2825,.F.);
#1928=ORIENTED_EDGE('',*,*,#2826,.T.);
#1929=ORIENTED_EDGE('',*,*,#2827,.F.);
#1930=ORIENTED_EDGE('',*,*,#2828,.F.);
#1931=ORIENTED_EDGE('',*,*,#2829,.F.);
#1932=ORIENTED_EDGE('',*,*,#2830,.F.);
#1933=ORIENTED_EDGE('',*,*,#2831,.F.);
#1934=ORIENTED_EDGE('',*,*,#2832,.F.);
#1935=ORIENTED_EDGE('',*,*,#2833,.F.);
#1936=ORIENTED_EDGE('',*,*,#2834,.F.);
#1937=ORIENTED_EDGE('',*,*,#2835,.F.);
#1938=ORIENTED_EDGE('',*,*,#2836,.F.);
#1939=ORIENTED_EDGE('',*,*,#2837,.F.);
#1940=ORIENTED_EDGE('',*,*,#2838,.F.);
#1941=ORIENTED_EDGE('',*,*,#2839,.F.);
#1942=ORIENTED_EDGE('',*,*,#2840,.F.);
#1943=ORIENTED_EDGE('',*,*,#2841,.F.);
#1944=ORIENTED_EDGE('',*,*,#2842,.F.);
#1945=ORIENTED_EDGE('',*,*,#2843,.F.);
#1946=ORIENTED_EDGE('',*,*,#2844,.F.);
#1947=ORIENTED_EDGE('',*,*,#2845,.F.);
#1948=ORIENTED_EDGE('',*,*,#2846,.F.);
#1949=ORIENTED_EDGE('',*,*,#2847,.F.);
#1950=ORIENTED_EDGE('',*,*,#2848,.F.);
#1951=ORIENTED_EDGE('',*,*,#2849,.F.);
#1952=ORIENTED_EDGE('',*,*,#2850,.F.);
#1953=ORIENTED_EDGE('',*,*,#2851,.F.);
#1954=ORIENTED_EDGE('',*,*,#2852,.F.);
#1955=ORIENTED_EDGE('',*,*,#2853,.F.);
#1956=ORIENTED_EDGE('',*,*,#2854,.F.);
#1957=ORIENTED_EDGE('',*,*,#2855,.F.);
#1958=ORIENTED_EDGE('',*,*,#2856,.F.);
#1959=ORIENTED_EDGE('',*,*,#2857,.F.);
#1960=ORIENTED_EDGE('',*,*,#2858,.F.);
#1961=CARTESIAN_POINT('',(6.42,-4.0,4.13));
#1962=DIRECTION('',(0.0,-1.0,0.0));
#1963=DIRECTION('',(0.0,0.0,-1.0));
#1964=ORIENTED_EDGE('',*,*,#2859,.F.);
#1965=ORIENTED_EDGE('',*,*,#2550,.T.);
#1966=ORIENTED_EDGE('',*,*,#2540,.F.);
#1967=ORIENTED_EDGE('',*,*,#2860,.F.);
#1968=ORIENTED_EDGE('',*,*,#2861,.T.);
#1969=ORIENTED_EDGE('',*,*,#2826,.F.);
#1970=ORIENTED_EDGE('',*,*,#2862,.T.);
#1971=ORIENTED_EDGE('',*,*,#2863,.F.);
#1972=ORIENTED_EDGE('',*,*,#2864,.F.);
#1973=ORIENTED_EDGE('',*,*,#2865,.T.);
#1974=ORIENTED_EDGE('',*,*,#2866,.F.);
#1975=ORIENTED_EDGE('',*,*,#2867,.T.);
#1976=ORIENTED_EDGE('',*,*,#2868,.F.);
#1977=ORIENTED_EDGE('',*,*,#2869,.T.);
#1978=ORIENTED_EDGE('',*,*,#2870,.T.);
#1979=ORIENTED_EDGE('',*,*,#2871,.T.);
#1980=CARTESIAN_POINT('',(6.42,-2.98,-3.42));
#1981=DIRECTION('',(0.0,0.0,-1.0));
#1982=DIRECTION('',(0.0,-1.0,0.0));
#1983=ORIENTED_EDGE('',*,*,#2872,.F.);
#1984=ORIENTED_EDGE('',*,*,#2873,.T.);
#1985=ORIENTED_EDGE('',*,*,#2874,.T.);
#1986=ORIENTED_EDGE('',*,*,#2867,.F.);
#1987=ORIENTED_EDGE('',*,*,#2875,.T.);
#1988=CARTESIAN_POINT('',(-1.93,2.98,-3.7));
#1989=DIRECTION('',(-1.0,0.0,-0.0));
#1990=DIRECTION('',(0.0,0.0,-1.0));
#1991=ORIENTED_EDGE('',*,*,#2869,.F.);
#1992=ORIENTED_EDGE('',*,*,#2876,.T.);
#1993=ORIENTED_EDGE('',*,*,#2877,.F.);
#1994=ORIENTED_EDGE('',*,*,#2878,.F.);
#1995=ORIENTED_EDGE('',*,*,#2879,.F.);
#1996=CARTESIAN_POINT('',(-1.93,2.98,-3.7));
#1997=DIRECTION('',(-1.0,0.0,-0.0));
#1998=DIRECTION('',(0.0,0.0,-1.0));
#1999=ORIENTED_EDGE('',*,*,#2875,.F.);
#2000=ORIENTED_EDGE('',*,*,#2866,.T.);
#2001=ORIENTED_EDGE('',*,*,#2880,.T.);
#2002=ORIENTED_EDGE('',*,*,#2881,.F.);
#2003=ORIENTED_EDGE('',*,*,#2882,.T.);
#2004=ORIENTED_EDGE('',*,*,#2883,.T.);
#2005=ORIENTED_EDGE('',*,*,#2884,.T.);
#2006=ORIENTED_EDGE('',*,*,#2885,.T.);
#2007=ORIENTED_EDGE('',*,*,#2886,.F.);
#2008=CARTESIAN_POINT('',(-0.825,0.0,0.0));
#2009=DIRECTION('',(1.0,0.0,0.0));
#2010=DIRECTION('',(0.0,1.0,0.0));
#2011=ORIENTED_EDGE('',*,*,#2887,.T.);
#2012=ORIENTED_EDGE('',*,*,#2888,.F.);
#2013=ORIENTED_EDGE('',*,*,#2878,.T.);
#2014=ORIENTED_EDGE('',*,*,#2889,.F.);
#2015=ORIENTED_EDGE('',*,*,#2890,.F.);
#2016=ORIENTED_EDGE('',*,*,#2891,.T.);
#2017=ORIENTED_EDGE('',*,*,#2872,.T.);
#2018=ORIENTED_EDGE('',*,*,#2886,.T.);
#2019=CARTESIAN_POINT('',(-1.93,8.11,-3.98));
#2020=DIRECTION('',(0.0,0.0,1.0));
#2021=DIRECTION('',(1.0,0.0,0.0));
#2022=ORIENTED_EDGE('',*,*,#2873,.F.);
#2023=ORIENTED_EDGE('',*,*,#2891,.F.);
#2024=ORIENTED_EDGE('',*,*,#2892,.F.);
#2025=ORIENTED_EDGE('',*,*,#2893,.F.);
#2026=ORIENTED_EDGE('',*,*,#2894,.F.);
#2027=ORIENTED_EDGE('',*,*,#2895,.F.);
#2028=ORIENTED_EDGE('',*,*,#2896,.F.);
#2029=ORIENTED_EDGE('',*,*,#2897,.F.);
#2030=ORIENTED_EDGE('',*,*,#2898,.F.);
#2031=ORIENTED_EDGE('',*,*,#2899,.F.);
#2032=ORIENTED_EDGE('',*,*,#2900,.F.);
#2033=ORIENTED_EDGE('',*,*,#2901,.T.);
#2034=CARTESIAN_POINT('',(-1.93,0.0,0.0));
#2035=DIRECTION('',(1.0,0.0,0.0));
#2036=DIRECTION('',(0.0,1.0,0.0));
#2037=ORIENTED_EDGE('',*,*,#2874,.F.);
#2038=ORIENTED_EDGE('',*,*,#2901,.F.);
#2039=ORIENTED_EDGE('',*,*,#2902,.F.);
#2040=ORIENTED_EDGE('',*,*,#2864,.T.);
#2041=CARTESIAN_POINT('',(-2.18,-4.024237115105,-3.67));
#2042=DIRECTION('',(0.0,-1.0,0.0));
#2043=DIRECTION('',(0.0,0.0,1.0));
#2044=ORIENTED_EDGE('',*,*,#2865,.F.);
#2045=ORIENTED_EDGE('',*,*,#2902,.T.);
#2046=ORIENTED_EDGE('',*,*,#2900,.T.);
#2047=ORIENTED_EDGE('',*,*,#2903,.T.);
#2048=ORIENTED_EDGE('',*,*,#2880,.F.);
#2049=CARTESIAN_POINT('',(-1.93,1.55,-3.42));
#2050=DIRECTION('',(0.0,-1.0,0.0));
#2051=DIRECTION('',(0.0,0.0,-1.0));
#2052=ORIENTED_EDGE('',*,*,#2904,.T.);
#2053=ORIENTED_EDGE('',*,*,#2905,.F.);
#2054=ORIENTED_EDGE('',*,*,#2906,.T.);
#2055=ORIENTED_EDGE('',*,*,#2871,.F.);
#2056=ORIENTED_EDGE('',*,*,#2907,.T.);
#2057=CARTESIAN_POINT('',(-1.93,1.55,-3.42));
#2058=DIRECTION('',(0.0,-1.0,0.0));
#2059=DIRECTION('',(0.0,0.0,-1.0));
#2060=ORIENTED_EDGE('',*,*,#2903,.F.);
#2061=ORIENTED_EDGE('',*,*,#2899,.T.);
#2062=ORIENTED_EDGE('',*,*,#2908,.T.);
#2063=ORIENTED_EDGE('',*,*,#2881,.T.);
#2064=CARTESIAN_POINT('',(-1.93,1.4,-4.03));
#2065=DIRECTION('',(-1.0,0.0,-0.0));
#2066=DIRECTION('',(0.0,0.0,-1.0));
#2067=ORIENTED_EDGE('',*,*,#2909,.T.);
#2068=ORIENTED_EDGE('',*,*,#2910,.F.);
#2069=ORIENTED_EDGE('',*,*,#2904,.F.);
#2070=ORIENTED_EDGE('',*,*,#2911,.F.);
#2071=CARTESIAN_POINT('',(-1.93,1.4,-4.03));
#2072=DIRECTION('',(-1.0,0.0,-0.0));
#2073=DIRECTION('',(0.0,0.0,-1.0));
#2074=ORIENTED_EDGE('',*,*,#2908,.F.);
#2075=ORIENTED_EDGE('',*,*,#2898,.T.);
#2076=ORIENTED_EDGE('',*,*,#2912,.T.);
#2077=ORIENTED_EDGE('',*,*,#2882,.F.);
#2078=CARTESIAN_POINT('',(-1.93,1.4,-4.18));
#2079=DIRECTION('',(0.0,0.0,1.0));
#2080=DIRECTION('',(1.0,0.0,0.0));
#2081=ORIENTED_EDGE('',*,*,#2913,.T.);
#2082=ORIENTED_EDGE('',*,*,#2914,.F.);
#2083=ORIENTED_EDGE('',*,*,#2909,.F.);
#2084=ORIENTED_EDGE('',*,*,#2915,.T.);
#2085=CARTESIAN_POINT('',(-1.93,1.4,-4.18));
#2086=DIRECTION('',(0.0,0.0,1.0));
#2087=DIRECTION('',(1.0,0.0,0.0));
#2088=ORIENTED_EDGE('',*,*,#2912,.F.);
#2089=ORIENTED_EDGE('',*,*,#2897,.T.);
#2090=ORIENTED_EDGE('',*,*,#2916,.T.);
#2091=ORIENTED_EDGE('',*,*,#2917,.F.);
#2092=ORIENTED_EDGE('',*,*,#2913,.F.);
#2093=ORIENTED_EDGE('',*,*,#2918,.T.);
#2094=ORIENTED_EDGE('',*,*,#2919,.F.);
#2095=ORIENTED_EDGE('',*,*,#2883,.F.);
#2096=CARTESIAN_POINT('',(-1.93,-2.45,-4.18));
#2097=DIRECTION('',(0.0,-1.0,0.0));
#2098=DIRECTION('',(0.0,0.0,-1.0));
#2099=ORIENTED_EDGE('',*,*,#2920,.T.);
#2100=ORIENTED_EDGE('',*,*,#2921,.F.);
#2101=ORIENTED_EDGE('',*,*,#2884,.F.);
#2102=ORIENTED_EDGE('',*,*,#2919,.T.);
#2103=CARTESIAN_POINT('',(-0.825,-2.45,-5.08));
#2104=DIRECTION('',(0.0,0.0,-1.0));
#2105=DIRECTION('',(0.0,-1.0,0.0));
#2106=ORIENTED_EDGE('',*,*,#2885,.F.);
#2107=ORIENTED_EDGE('',*,*,#2921,.T.);
#2108=ORIENTED_EDGE('',*,*,#2922,.T.);
#2109=ORIENTED_EDGE('',*,*,#2887,.F.);
#2110=CARTESIAN_POINT('',(-0.825,6.85,-5.08));
#2111=DIRECTION('',(-0.0,1.0,0.0));
#2112=DIRECTION('',(1.0,0.0,0.0));
#2113=ORIENTED_EDGE('',*,*,#2922,.F.);
#2114=ORIENTED_EDGE('',*,*,#2920,.F.);
#2115=ORIENTED_EDGE('',*,*,#2918,.F.);
#2116=ORIENTED_EDGE('',*,*,#2915,.F.);
#2117=ORIENTED_EDGE('',*,*,#2911,.T.);
#2118=ORIENTED_EDGE('',*,*,#2907,.F.);
#2119=ORIENTED_EDGE('',*,*,#2870,.F.);
#2120=ORIENTED_EDGE('',*,*,#2879,.T.);
#2121=ORIENTED_EDGE('',*,*,#2888,.T.);
#2122=CARTESIAN_POINT('',(0.825,0.0,0.0));
#2123=DIRECTION('',(1.0,0.0,0.0));
#2124=DIRECTION('',(0.0,1.0,0.0));
#2125=ORIENTED_EDGE('',*,*,#2905,.T.);
#2126=ORIENTED_EDGE('',*,*,#2910,.T.);
#2127=ORIENTED_EDGE('',*,*,#2914,.T.);
#2128=ORIENTED_EDGE('',*,*,#2917,.T.);
#2129=ORIENTED_EDGE('',*,*,#2923,.T.);
#2130=ORIENTED_EDGE('',*,*,#2924,.T.);
#2131=ORIENTED_EDGE('',*,*,#2925,.T.);
#2132=ORIENTED_EDGE('',*,*,#2926,.T.);
#2133=ORIENTED_EDGE('',*,*,#2927,.T.);
#2134=ORIENTED_EDGE('',*,*,#2889,.T.);
#2135=ORIENTED_EDGE('',*,*,#2877,.T.);
#2136=ORIENTED_EDGE('',*,*,#2928,.T.);
#2137=CARTESIAN_POINT('',(1.93,0.0,0.0));
#2138=DIRECTION('',(1.0,0.0,0.0));
#2139=DIRECTION('',(0.0,1.0,0.0));
#2140=ORIENTED_EDGE('',*,*,#2906,.F.);
#2141=ORIENTED_EDGE('',*,*,#2928,.F.);
#2142=ORIENTED_EDGE('',*,*,#2876,.F.);
#2143=ORIENTED_EDGE('',*,*,#2868,.T.);
#2144=CARTESIAN_POINT('',(2.18,3.671905397637,-3.67));
#2145=DIRECTION('',(0.0,1.0,-0.0));
#2146=DIRECTION('',(0.0,0.0,1.0));
#2147=ORIENTED_EDGE('',*,*,#2890,.T.);
#2148=ORIENTED_EDGE('',*,*,#2927,.F.);
#2149=ORIENTED_EDGE('',*,*,#2929,.F.);
#2150=ORIENTED_EDGE('',*,*,#2892,.T.);
#2151=CARTESIAN_POINT('',(-1.93,9.11,-4.98));
#2152=DIRECTION('',(0.0,0.707106781186548,0.707106781186548));
#2153=DIRECTION('',(1.0,0.0,-0.0));
#2154=ORIENTED_EDGE('',*,*,#2929,.T.);
#2155=ORIENTED_EDGE('',*,*,#2926,.F.);
#2156=ORIENTED_EDGE('',*,*,#2930,.F.);
#2157=ORIENTED_EDGE('',*,*,#2893,.T.);
#2158=CARTESIAN_POINT('',(-1.93,9.11,-5.68));
#2159=DIRECTION('',(-0.0,1.0,0.0));
#2160=DIRECTION('',(1.0,0.0,0.0));
#2161=ORIENTED_EDGE('',*,*,#2930,.T.);
#2162=ORIENTED_EDGE('',*,*,#2925,.F.);
#2163=ORIENTED_EDGE('',*,*,#2931,.F.);
#2164=ORIENTED_EDGE('',*,*,#2894,.T.);
#2165=CARTESIAN_POINT('',(-1.93,-0.43,-5.68));
#2166=DIRECTION('',(0.0,0.0,-1.0));
#2167=DIRECTION('',(0.0,-1.0,0.0));
#2168=ORIENTED_EDGE('',*,*,#2931,.T.);
#2169=ORIENTED_EDGE('',*,*,#2924,.F.);
#2170=ORIENTED_EDGE('',*,*,#2932,.F.);
#2171=ORIENTED_EDGE('',*,*,#2895,.T.);
#2172=CARTESIAN_POINT('',(-1.93,-1.45,-6.7));
#2173=DIRECTION('',(0.0,0.707106781186598,-0.707106781186498));
#2174=DIRECTION('',(-1.0,0.0,0.0));
#2175=ORIENTED_EDGE('',*,*,#2932,.T.);
#2176=ORIENTED_EDGE('',*,*,#2923,.F.);
#2177=ORIENTED_EDGE('',*,*,#2916,.F.);
#2178=ORIENTED_EDGE('',*,*,#2896,.T.);
#2179=CARTESIAN_POINT('',(-1.93,-2.45,-6.7));
#2180=DIRECTION('',(0.0,0.0,-1.0));
#2181=DIRECTION('',(0.0,-1.0,0.0));
#2182=ORIENTED_EDGE('',*,*,#2860,.T.);
#2183=ORIENTED_EDGE('',*,*,#2539,.F.);
#2184=ORIENTED_EDGE('',*,*,#2933,.F.);
#2185=ORIENTED_EDGE('',*,*,#2934,.T.);
#2186=CARTESIAN_POINT('',(6.42,-2.98,-3.83));
#2187=DIRECTION('',(-0.0,1.0,0.0));
#2188=DIRECTION('',(1.0,0.0,0.0));
#2189=ORIENTED_EDGE('',*,*,#2935,.F.);
#2190=ORIENTED_EDGE('',*,*,#2936,.F.);
#2191=ORIENTED_EDGE('',*,*,#2863,.T.);
#2192=ORIENTED_EDGE('',*,*,#2937,.F.);
#2193=CARTESIAN_POINT('',(6.42,-2.98,-3.83));
#2194=DIRECTION('',(-0.0,1.0,0.0));
#2195=DIRECTION('',(1.0,0.0,0.0));
#2196=ORIENTED_EDGE('',*,*,#2861,.F.);
#2197=ORIENTED_EDGE('',*,*,#2934,.F.);
#2198=ORIENTED_EDGE('',*,*,#2938,.F.);
#2199=ORIENTED_EDGE('',*,*,#2939,.F.);
#2200=ORIENTED_EDGE('',*,*,#2821,.F.);
#2201=CARTESIAN_POINT('',(2.63,-2.98,-3.42));
#2202=DIRECTION('',(1.0,0.0,0.0));
#2203=DIRECTION('',(0.0,1.0,0.0));
#2204=ORIENTED_EDGE('',*,*,#2940,.T.);
#2205=ORIENTED_EDGE('',*,*,#2537,.F.);
#2206=ORIENTED_EDGE('',*,*,#2822,.F.);
#2207=ORIENTED_EDGE('',*,*,#2939,.T.);
#2208=CARTESIAN_POINT('',(6.42,-4.0,-4.12));
#2209=DIRECTION('',(0.0,0.0,-1.0));
#2210=DIRECTION('',(0.0,-1.0,0.0));
#2211=ORIENTED_EDGE('',*,*,#2824,.F.);
#2212=ORIENTED_EDGE('',*,*,#2941,.F.);
#2213=ORIENTED_EDGE('',*,*,#2942,.T.);
#2214=ORIENTED_EDGE('',*,*,#2943,.F.);
#2215=CARTESIAN_POINT('',(6.42,-4.0,-4.12));
#2216=DIRECTION('',(0.0,0.0,-1.0));
#2217=DIRECTION('',(0.0,-1.0,0.0));
#2218=ORIENTED_EDGE('',*,*,#2933,.T.);
#2219=ORIENTED_EDGE('',*,*,#2538,.F.);
#2220=ORIENTED_EDGE('',*,*,#2940,.F.);
#2221=ORIENTED_EDGE('',*,*,#2938,.T.);
#2222=CARTESIAN_POINT('',(6.42,-3.27,-3.83));
#2223=DIRECTION('',(-1.0,0.0,-0.0));
#2224=DIRECTION('',(0.0,0.0,-1.0));
#2225=ORIENTED_EDGE('',*,*,#2942,.F.);
#2226=ORIENTED_EDGE('',*,*,#2944,.F.);
#2227=ORIENTED_EDGE('',*,*,#2935,.T.);
#2228=ORIENTED_EDGE('',*,*,#2945,.F.);
#2229=CARTESIAN_POINT('',(6.42,-3.27,-3.83));
#2230=DIRECTION('',(-1.0,0.0,-0.0));
#2231=DIRECTION('',(0.0,0.0,-1.0));
#2232=ORIENTED_EDGE('',*,*,#2943,.T.);
#2233=ORIENTED_EDGE('',*,*,#2945,.T.);
#2234=ORIENTED_EDGE('',*,*,#2937,.T.);
#2235=ORIENTED_EDGE('',*,*,#2862,.F.);
#2236=ORIENTED_EDGE('',*,*,#2825,.T.);
#2237=CARTESIAN_POINT('',(-2.63,-4.0,-3.42));
#2238=DIRECTION('',(-1.0,0.0,0.0));
#2239=DIRECTION('',(0.0,0.0,1.0));
#2240=ORIENTED_EDGE('',*,*,#2551,.T.);
#2241=ORIENTED_EDGE('',*,*,#2859,.T.);
#2242=ORIENTED_EDGE('',*,*,#2936,.T.);
#2243=ORIENTED_EDGE('',*,*,#2944,.T.);
#2244=ORIENTED_EDGE('',*,*,#2941,.T.);
#2245=ORIENTED_EDGE('',*,*,#2823,.T.);
#2246=ORIENTED_EDGE('',*,*,#2819,.T.);
#2247=ORIENTED_EDGE('',*,*,#2817,.T.);
#2248=ORIENTED_EDGE('',*,*,#2815,.T.);
#2249=ORIENTED_EDGE('',*,*,#2543,.T.);
#2250=CARTESIAN_POINT('',(-6.43,0.0,0.0));
#2251=DIRECTION('',(1.0,0.0,0.0));
#2252=DIRECTION('',(0.0,1.0,0.0));
#2253=ORIENTED_EDGE('',*,*,#2946,.T.);
#2254=ORIENTED_EDGE('',*,*,#2947,.F.);
#2255=ORIENTED_EDGE('',*,*,#2948,.F.);
#2256=ORIENTED_EDGE('',*,*,#2830,.T.);
#2257=CARTESIAN_POINT('',(-3.255,-4.0,-2.62));
#2258=DIRECTION('',(1.0,0.0,0.0));
#2259=DIRECTION('',(0.0,1.0,0.0));
#2260=ORIENTED_EDGE('',*,*,#2948,.T.);
#2261=ORIENTED_EDGE('',*,*,#2949,.F.);
#2262=ORIENTED_EDGE('',*,*,#2950,.F.);
#2263=ORIENTED_EDGE('',*,*,#2827,.T.);
#2264=CARTESIAN_POINT('',(-5.745,-4.0,-2.62));
#2265=DIRECTION('',(0.0,0.0,-1.0));
#2266=DIRECTION('',(0.0,-1.0,0.0));
#2267=ORIENTED_EDGE('',*,*,#2950,.T.);
#2268=ORIENTED_EDGE('',*,*,#2951,.F.);
#2269=ORIENTED_EDGE('',*,*,#2952,.F.);
#2270=ORIENTED_EDGE('',*,*,#2828,.T.);
#2271=CARTESIAN_POINT('',(-5.745,-4.0,-0.13));
#2272=DIRECTION('',(-1.0,0.0,0.0));
#2273=DIRECTION('',(0.0,0.0,1.0));
#2274=ORIENTED_EDGE('',*,*,#2952,.T.);
#2275=ORIENTED_EDGE('',*,*,#2953,.F.);
#2276=ORIENTED_EDGE('',*,*,#2946,.F.);
#2277=ORIENTED_EDGE('',*,*,#2829,.T.);
#2278=CARTESIAN_POINT('',(-3.255,-4.0,-0.13));
#2279=DIRECTION('',(0.0,0.0,1.0));
#2280=DIRECTION('',(1.0,0.0,0.0));
#2281=ORIENTED_EDGE('',*,*,#2953,.T.);
#2282=ORIENTED_EDGE('',*,*,#2951,.T.);
#2283=ORIENTED_EDGE('',*,*,#2949,.T.);
#2284=ORIENTED_EDGE('',*,*,#2947,.T.);
#2285=CARTESIAN_POINT('',(6.42,-3.0,0.0));
#2286=DIRECTION('',(0.0,-1.0,0.0));
#2287=DIRECTION('',(0.0,0.0,-1.0));
#2288=ORIENTED_EDGE('',*,*,#2954,.T.);
#2289=ORIENTED_EDGE('',*,*,#2955,.T.);
#2290=ORIENTED_EDGE('',*,*,#2956,.T.);
#2291=ORIENTED_EDGE('',*,*,#2957,.T.);
#2292=CARTESIAN_POINT('',(6.42,-3.0,0.0));
#2293=DIRECTION('',(0.0,-1.0,0.0));
#2294=DIRECTION('',(0.0,0.0,-1.0));
#2295=ORIENTED_EDGE('',*,*,#2958,.T.);
#2296=ORIENTED_EDGE('',*,*,#2957,.F.);
#2297=ORIENTED_EDGE('',*,*,#2959,.F.);
#2298=ORIENTED_EDGE('',*,*,#2834,.T.);
#2299=CARTESIAN_POINT('',(-3.255,-4.0,0.38));
#2300=DIRECTION('',(1.0,0.0,0.0));
#2301=DIRECTION('',(0.0,1.0,0.0));
#2302=ORIENTED_EDGE('',*,*,#2959,.T.);
#2303=ORIENTED_EDGE('',*,*,#2956,.F.);
#2304=ORIENTED_EDGE('',*,*,#2960,.F.);
#2305=ORIENTED_EDGE('',*,*,#2831,.T.);
#2306=CARTESIAN_POINT('',(-5.745,-4.0,0.38));
#2307=DIRECTION('',(0.0,0.0,-1.0));
#2308=DIRECTION('',(0.0,-1.0,0.0));
#2309=ORIENTED_EDGE('',*,*,#2960,.T.);
#2310=ORIENTED_EDGE('',*,*,#2955,.F.);
#2311=ORIENTED_EDGE('',*,*,#2961,.F.);
#2312=ORIENTED_EDGE('',*,*,#2832,.T.);
#2313=CARTESIAN_POINT('',(-5.745,-4.0,2.87));
#2314=DIRECTION('',(-1.0,0.0,0.0));
#2315=DIRECTION('',(0.0,0.0,1.0));
#2316=ORIENTED_EDGE('',*,*,#2961,.T.);
#2317=ORIENTED_EDGE('',*,*,#2954,.F.);
#2318=ORIENTED_EDGE('',*,*,#2958,.F.);
#2319=ORIENTED_EDGE('',*,*,#2833,.T.);
#2320=CARTESIAN_POINT('',(-3.255,-4.0,2.87));
#2321=DIRECTION('',(0.0,0.0,1.0));
#2322=DIRECTION('',(1.0,0.0,0.0));
#2323=ORIENTED_EDGE('',*,*,#2962,.T.);
#2324=ORIENTED_EDGE('',*,*,#2963,.F.);
#2325=ORIENTED_EDGE('',*,*,#2964,.F.);
#2326=ORIENTED_EDGE('',*,*,#2838,.T.);
#2327=CARTESIAN_POINT('',(-0.255,-4.0,-2.62));
#2328=DIRECTION('',(1.0,0.0,0.0));
#2329=DIRECTION('',(0.0,1.0,0.0));
#2330=ORIENTED_EDGE('',*,*,#2964,.T.);
#2331=ORIENTED_EDGE('',*,*,#2965,.F.);
#2332=ORIENTED_EDGE('',*,*,#2966,.F.);
#2333=ORIENTED_EDGE('',*,*,#2835,.T.);
#2334=CARTESIAN_POINT('',(-2.745,-4.0,-2.62));
#2335=DIRECTION('',(0.0,0.0,-1.0));
#2336=DIRECTION('',(0.0,-1.0,0.0));
#2337=ORIENTED_EDGE('',*,*,#2966,.T.);
#2338=ORIENTED_EDGE('',*,*,#2967,.F.);
#2339=ORIENTED_EDGE('',*,*,#2968,.F.);
#2340=ORIENTED_EDGE('',*,*,#2836,.T.);
#2341=CARTESIAN_POINT('',(-2.745,-4.0,-0.13));
#2342=DIRECTION('',(-1.0,0.0,0.0));
#2343=DIRECTION('',(0.0,0.0,1.0));
#2344=ORIENTED_EDGE('',*,*,#2968,.T.);
#2345=ORIENTED_EDGE('',*,*,#2969,.F.);
#2346=ORIENTED_EDGE('',*,*,#2962,.F.);
#2347=ORIENTED_EDGE('',*,*,#2837,.T.);
#2348=CARTESIAN_POINT('',(-0.255,-4.0,-0.13));
#2349=DIRECTION('',(0.0,0.0,1.0));
#2350=DIRECTION('',(1.0,0.0,0.0));
#2351=ORIENTED_EDGE('',*,*,#2969,.T.);
#2352=ORIENTED_EDGE('',*,*,#2967,.T.);
#2353=ORIENTED_EDGE('',*,*,#2965,.T.);
#2354=ORIENTED_EDGE('',*,*,#2963,.T.);
#2355=CARTESIAN_POINT('',(9.42,-3.0,0.0));
#2356=DIRECTION('',(0.0,-1.0,0.0));
#2357=DIRECTION('',(0.0,0.0,-1.0));
#2358=ORIENTED_EDGE('',*,*,#2970,.T.);
#2359=ORIENTED_EDGE('',*,*,#2971,.T.);
#2360=ORIENTED_EDGE('',*,*,#2972,.T.);
#2361=ORIENTED_EDGE('',*,*,#2973,.T.);
#2362=CARTESIAN_POINT('',(9.42,-3.0,0.0));
#2363=DIRECTION('',(0.0,-1.0,0.0));
#2364=DIRECTION('',(0.0,0.0,-1.0));
#2365=ORIENTED_EDGE('',*,*,#2974,.T.);
#2366=ORIENTED_EDGE('',*,*,#2973,.F.);
#2367=ORIENTED_EDGE('',*,*,#2975,.F.);
#2368=ORIENTED_EDGE('',*,*,#2842,.T.);
#2369=CARTESIAN_POINT('',(-0.255,-4.0,0.38));
#2370=DIRECTION('',(1.0,0.0,0.0));
#2371=DIRECTION('',(0.0,1.0,0.0));
#2372=ORIENTED_EDGE('',*,*,#2975,.T.);
#2373=ORIENTED_EDGE('',*,*,#2972,.F.);
#2374=ORIENTED_EDGE('',*,*,#2976,.F.);
#2375=ORIENTED_EDGE('',*,*,#2839,.T.);
#2376=CARTESIAN_POINT('',(-2.745,-4.0,0.38));
#2377=DIRECTION('',(0.0,0.0,-1.0));
#2378=DIRECTION('',(0.0,-1.0,0.0));
#2379=ORIENTED_EDGE('',*,*,#2976,.T.);
#2380=ORIENTED_EDGE('',*,*,#2971,.F.);
#2381=ORIENTED_EDGE('',*,*,#2977,.F.);
#2382=ORIENTED_EDGE('',*,*,#2840,.T.);
#2383=CARTESIAN_POINT('',(-2.745,-4.0,2.87));
#2384=DIRECTION('',(-1.0,0.0,0.0));
#2385=DIRECTION('',(0.0,0.0,1.0));
#2386=ORIENTED_EDGE('',*,*,#2977,.T.);
#2387=ORIENTED_EDGE('',*,*,#2970,.F.);
#2388=ORIENTED_EDGE('',*,*,#2974,.F.);
#2389=ORIENTED_EDGE('',*,*,#2841,.T.);
#2390=CARTESIAN_POINT('',(-0.255,-4.0,2.87));
#2391=DIRECTION('',(0.0,0.0,1.0));
#2392=DIRECTION('',(1.0,0.0,0.0));
#2393=ORIENTED_EDGE('',*,*,#2978,.T.);
#2394=ORIENTED_EDGE('',*,*,#2979,.F.);
#2395=ORIENTED_EDGE('',*,*,#2980,.F.);
#2396=ORIENTED_EDGE('',*,*,#2846,.T.);
#2397=CARTESIAN_POINT('',(2.745,-4.0,-2.62));
#2398=DIRECTION('',(1.0,0.0,0.0));
#2399=DIRECTION('',(0.0,1.0,0.0));
#2400=ORIENTED_EDGE('',*,*,#2980,.T.);
#2401=ORIENTED_EDGE('',*,*,#2981,.F.);
#2402=ORIENTED_EDGE('',*,*,#2982,.F.);
#2403=ORIENTED_EDGE('',*,*,#2843,.T.);
#2404=CARTESIAN_POINT('',(0.255,-4.0,-2.62));
#2405=DIRECTION('',(0.0,0.0,-1.0));
#2406=DIRECTION('',(0.0,-1.0,0.0));
#2407=ORIENTED_EDGE('',*,*,#2982,.T.);
#2408=ORIENTED_EDGE('',*,*,#2983,.F.);
#2409=ORIENTED_EDGE('',*,*,#2984,.F.);
#2410=ORIENTED_EDGE('',*,*,#2844,.T.);
#2411=CARTESIAN_POINT('',(0.255,-4.0,-0.13));
#2412=DIRECTION('',(-1.0,0.0,0.0));
#2413=DIRECTION('',(0.0,0.0,1.0));
#2414=ORIENTED_EDGE('',*,*,#2984,.T.);
#2415=ORIENTED_EDGE('',*,*,#2985,.F.);
#2416=ORIENTED_EDGE('',*,*,#2978,.F.);
#2417=ORIENTED_EDGE('',*,*,#2845,.T.);
#2418=CARTESIAN_POINT('',(2.745,-4.0,-0.13));
#2419=DIRECTION('',(0.0,0.0,1.0));
#2420=DIRECTION('',(1.0,0.0,0.0));
#2421=ORIENTED_EDGE('',*,*,#2985,.T.);
#2422=ORIENTED_EDGE('',*,*,#2983,.T.);
#2423=ORIENTED_EDGE('',*,*,#2981,.T.);
#2424=ORIENTED_EDGE('',*,*,#2979,.T.);
#2425=CARTESIAN_POINT('',(12.42,-3.0,0.0));
#2426=DIRECTION('',(0.0,-1.0,0.0));
#2427=DIRECTION('',(0.0,0.0,-1.0));
#2428=ORIENTED_EDGE('',*,*,#2986,.T.);
#2429=ORIENTED_EDGE('',*,*,#2987,.T.);
#2430=ORIENTED_EDGE('',*,*,#2988,.T.);
#2431=ORIENTED_EDGE('',*,*,#2989,.T.);
#2432=CARTESIAN_POINT('',(12.42,-3.0,0.0));
#2433=DIRECTION('',(0.0,-1.0,0.0));
#2434=DIRECTION('',(0.0,0.0,-1.0));
#2435=ORIENTED_EDGE('',*,*,#2990,.T.);
#2436=ORIENTED_EDGE('',*,*,#2989,.F.);
#2437=ORIENTED_EDGE('',*,*,#2991,.F.);
#2438=ORIENTED_EDGE('',*,*,#2850,.T.);
#2439=CARTESIAN_POINT('',(2.745,-4.0,0.38));
#2440=DIRECTION('',(1.0,0.0,0.0));
#2441=DIRECTION('',(0.0,1.0,0.0));
#2442=ORIENTED_EDGE('',*,*,#2991,.T.);
#2443=ORIENTED_EDGE('',*,*,#2988,.F.);
#2444=ORIENTED_EDGE('',*,*,#2992,.F.);
#2445=ORIENTED_EDGE('',*,*,#2847,.T.);
#2446=CARTESIAN_POINT('',(0.255,-4.0,0.38));
#2447=DIRECTION('',(0.0,0.0,-1.0));
#2448=DIRECTION('',(0.0,-1.0,0.0));
#2449=ORIENTED_EDGE('',*,*,#2992,.T.);
#2450=ORIENTED_EDGE('',*,*,#2987,.F.);
#2451=ORIENTED_EDGE('',*,*,#2993,.F.);
#2452=ORIENTED_EDGE('',*,*,#2848,.T.);
#2453=CARTESIAN_POINT('',(0.255,-4.0,2.87));
#2454=DIRECTION('',(-1.0,0.0,0.0));
#2455=DIRECTION('',(0.0,0.0,1.0));
#2456=ORIENTED_EDGE('',*,*,#2993,.T.);
#2457=ORIENTED_EDGE('',*,*,#2986,.F.);
#2458=ORIENTED_EDGE('',*,*,#2990,.F.);
#2459=ORIENTED_EDGE('',*,*,#2849,.T.);
#2460=CARTESIAN_POINT('',(2.745,-4.0,2.87));
#2461=DIRECTION('',(0.0,0.0,1.0));
#2462=DIRECTION('',(1.0,0.0,0.0));
#2463=ORIENTED_EDGE('',*,*,#2994,.T.);
#2464=ORIENTED_EDGE('',*,*,#2995,.F.);
#2465=ORIENTED_EDGE('',*,*,#2996,.F.);
#2466=ORIENTED_EDGE('',*,*,#2854,.T.);
#2467=CARTESIAN_POINT('',(5.745,-4.0,-2.62));
#2468=DIRECTION('',(1.0,0.0,0.0));
#2469=DIRECTION('',(0.0,1.0,0.0));
#2470=ORIENTED_EDGE('',*,*,#2996,.T.);
#2471=ORIENTED_EDGE('',*,*,#2997,.F.);
#2472=ORIENTED_EDGE('',*,*,#2998,.F.);
#2473=ORIENTED_EDGE('',*,*,#2851,.T.);
#2474=CARTESIAN_POINT('',(3.255,-4.0,-2.62));
#2475=DIRECTION('',(0.0,0.0,-1.0));
#2476=DIRECTION('',(0.0,-1.0,0.0));
#2477=ORIENTED_EDGE('',*,*,#2998,.T.);
#2478=ORIENTED_EDGE('',*,*,#2999,.F.);
#2479=ORIENTED_EDGE('',*,*,#3000,.F.);
#2480=ORIENTED_EDGE('',*,*,#2852,.T.);
#2481=CARTESIAN_POINT('',(3.255,-4.0,-0.13));
#2482=DIRECTION('',(-1.0,0.0,0.0));
#2483=DIRECTION('',(0.0,0.0,1.0));
#2484=ORIENTED_EDGE('',*,*,#3000,.T.);
#2485=ORIENTED_EDGE('',*,*,#3001,.F.);
#2486=ORIENTED_EDGE('',*,*,#2994,.F.);
#2487=ORIENTED_EDGE('',*,*,#2853,.T.);
#2488=CARTESIAN_POINT('',(5.745,-4.0,-0.13));
#2489=DIRECTION('',(0.0,0.0,1.0));
#2490=DIRECTION('',(1.0,0.0,0.0));
#2491=ORIENTED_EDGE('',*,*,#3001,.T.);
#2492=ORIENTED_EDGE('',*,*,#2999,.T.);
#2493=ORIENTED_EDGE('',*,*,#2997,.T.);
#2494=ORIENTED_EDGE('',*,*,#2995,.T.);
#2495=CARTESIAN_POINT('',(15.42,-3.0,0.0));
#2496=DIRECTION('',(0.0,-1.0,0.0));
#2497=DIRECTION('',(0.0,0.0,-1.0));
#2498=ORIENTED_EDGE('',*,*,#3002,.T.);
#2499=ORIENTED_EDGE('',*,*,#3003,.T.);
#2500=ORIENTED_EDGE('',*,*,#3004,.T.);
#2501=ORIENTED_EDGE('',*,*,#3005,.T.);
#2502=CARTESIAN_POINT('',(15.42,-3.0,0.0));
#2503=DIRECTION('',(0.0,-1.0,0.0));
#2504=DIRECTION('',(0.0,0.0,-1.0));
#2505=ORIENTED_EDGE('',*,*,#3006,.T.);
#2506=ORIENTED_EDGE('',*,*,#3005,.F.);
#2507=ORIENTED_EDGE('',*,*,#3007,.F.);
#2508=ORIENTED_EDGE('',*,*,#2858,.T.);
#2509=CARTESIAN_POINT('',(5.745,-4.0,0.38));
#2510=DIRECTION('',(1.0,0.0,0.0));
#2511=DIRECTION('',(0.0,1.0,0.0));
#2512=ORIENTED_EDGE('',*,*,#3007,.T.);
#2513=ORIENTED_EDGE('',*,*,#3004,.F.);
#2514=ORIENTED_EDGE('',*,*,#3008,.F.);
#2515=ORIENTED_EDGE('',*,*,#2855,.T.);
#2516=CARTESIAN_POINT('',(3.255,-4.0,0.38));
#2517=DIRECTION('',(0.0,0.0,-1.0));
#2518=DIRECTION('',(0.0,-1.0,0.0));
#2519=ORIENTED_EDGE('',*,*,#3008,.T.);
#2520=ORIENTED_EDGE('',*,*,#3003,.F.);
#2521=ORIENTED_EDGE('',*,*,#3009,.F.);
#2522=ORIENTED_EDGE('',*,*,#2856,.T.);
#2523=CARTESIAN_POINT('',(3.255,-4.0,2.87));
#2524=DIRECTION('',(-1.0,0.0,0.0));
#2525=DIRECTION('',(0.0,0.0,1.0));
#2526=ORIENTED_EDGE('',*,*,#3009,.T.);
#2527=ORIENTED_EDGE('',*,*,#3002,.F.);
#2528=ORIENTED_EDGE('',*,*,#3006,.F.);
#2529=ORIENTED_EDGE('',*,*,#2857,.T.);
#2530=CARTESIAN_POINT('',(5.745,-4.0,2.87));
#2531=DIRECTION('',(0.0,0.0,1.0));
#2532=DIRECTION('',(1.0,0.0,0.0));
#2533=EDGE_CURVE('',#3010,#3011,#3012,.T.);
#2534=EDGE_CURVE('',#3011,#3013,#3014,.T.);
#2535=EDGE_CURVE('',#3013,#3015,#3016,.T.);
#2536=EDGE_CURVE('',#3015,#3017,#3018,.T.);
#2537=EDGE_CURVE('',#3017,#3019,#3020,.T.);
#2538=EDGE_CURVE('',#3019,#3021,#3022,.T.);
#2539=EDGE_CURVE('',#3021,#3023,#3024,.T.);
#2540=EDGE_CURVE('',#3023,#3025,#3026,.T.);
#2541=EDGE_CURVE('',#3025,#3027,#3028,.T.);
#2542=EDGE_CURVE('',#3027,#3010,#3029,.T.);
#2543=EDGE_CURVE('',#3030,#3031,#3032,.T.);
#2544=EDGE_CURVE('',#3030,#3033,#3034,.T.);
#2545=EDGE_CURVE('',#3035,#3033,#3036,.T.);
#2546=EDGE_CURVE('',#3031,#3035,#3037,.T.);
#2547=EDGE_CURVE('',#3038,#3039,#3040,.T.);
#2548=EDGE_CURVE('',#3039,#3010,#3041,.T.);
#2549=EDGE_CURVE('',#3038,#3027,#3042,.T.);
#2550=EDGE_CURVE('',#3043,#3025,#3044,.T.);
#2551=EDGE_CURVE('',#3031,#3043,#3045,.T.);
#2552=EDGE_CURVE('',#3038,#3035,#3046,.T.);
#2553=EDGE_CURVE('',#3047,#3048,#3049,.T.);
#2554=EDGE_CURVE('',#3050,#3047,#3051,.T.);
#2555=EDGE_CURVE('',#3052,#3050,#3053,.T.);
#2556=EDGE_CURVE('',#3054,#3052,#3055,.T.);
#2557=EDGE_CURVE('',#3048,#3054,#3056,.T.);
#2558=EDGE_CURVE('',#3057,#3058,#3059,.T.);
#2559=EDGE_CURVE('',#3060,#3057,#3061,.T.);
#2560=EDGE_CURVE('',#3062,#3060,#3063,.T.);
#2561=EDGE_CURVE('',#3064,#3062,#3065,.T.);
#2562=EDGE_CURVE('',#3058,#3064,#3066,.T.);
#2563=EDGE_CURVE('',#3067,#3068,#3069,.T.);
#2564=EDGE_CURVE('',#3070,#3067,#3071,.T.);
#2565=EDGE_CURVE('',#3072,#3070,#3073,.T.);
#2566=EDGE_CURVE('',#3074,#3072,#3075,.T.);
#2567=EDGE_CURVE('',#3068,#3074,#3076,.T.);
#2568=EDGE_CURVE('',#3077,#3078,#3079,.T.);
#2569=EDGE_CURVE('',#3080,#3077,#3081,.T.);
#2570=EDGE_CURVE('',#3082,#3080,#3083,.T.);
#2571=EDGE_CURVE('',#3084,#3082,#3085,.T.);
#2572=EDGE_CURVE('',#3078,#3084,#3086,.T.);
#2573=EDGE_CURVE('',#3087,#3088,#3089,.T.);
#2574=EDGE_CURVE('',#3090,#3087,#3091,.T.);
#2575=EDGE_CURVE('',#3092,#3090,#3093,.T.);
#2576=EDGE_CURVE('',#3094,#3092,#3095,.T.);
#2577=EDGE_CURVE('',#3088,#3094,#3096,.T.);
#2578=EDGE_CURVE('',#3097,#3098,#3099,.T.);
#2579=EDGE_CURVE('',#3100,#3097,#3101,.T.);
#2580=EDGE_CURVE('',#3102,#3100,#3103,.T.);
#2581=EDGE_CURVE('',#3104,#3102,#3105,.T.);
#2582=EDGE_CURVE('',#3098,#3104,#3106,.T.);
#2583=EDGE_CURVE('',#3107,#3108,#3109,.T.);
#2584=EDGE_CURVE('',#3110,#3107,#3111,.T.);
#2585=EDGE_CURVE('',#3112,#3110,#3113,.T.);
#2586=EDGE_CURVE('',#3114,#3112,#3115,.T.);
#2587=EDGE_CURVE('',#3108,#3114,#3116,.T.);
#2588=EDGE_CURVE('',#3117,#3118,#3119,.T.);
#2589=EDGE_CURVE('',#3120,#3117,#3121,.T.);
#2590=EDGE_CURVE('',#3122,#3120,#3123,.T.);
#2591=EDGE_CURVE('',#3118,#3122,#3124,.T.);
#2592=EDGE_CURVE('',#3122,#3125,#3126,.T.);
#2593=EDGE_CURVE('',#3127,#3125,#3128,.T.);
#2594=EDGE_CURVE('',#3118,#3127,#3129,.T.);
#2595=EDGE_CURVE('',#3130,#3127,#3131,.T.);
#2596=EDGE_CURVE('',#3117,#3130,#3132,.T.);
#2597=EDGE_CURVE('',#3133,#3130,#3134,.T.);
#2598=EDGE_CURVE('',#3120,#3133,#3135,.T.);
#2599=EDGE_CURVE('',#3125,#3133,#3136,.T.);
#2600=EDGE_CURVE('',#3137,#3138,#3139,.T.);
#2601=EDGE_CURVE('',#3140,#3137,#3141,.T.);
#2602=EDGE_CURVE('',#3142,#3140,#3143,.T.);
#2603=EDGE_CURVE('',#3144,#3142,#3145,.T.);
#2604=EDGE_CURVE('',#3146,#3144,#3147,.T.);
#2605=EDGE_CURVE('',#3138,#3146,#3148,.T.);
#2606=EDGE_CURVE('',#3149,#3150,#3151,.T.);
#2607=EDGE_CURVE('',#3150,#3152,#3153,.T.);
#2608=EDGE_CURVE('',#3152,#3154,#3155,.T.);
#2609=EDGE_CURVE('',#3154,#3156,#3157,.T.);
#2610=EDGE_CURVE('',#3156,#3149,#3158,.T.);
#2611=EDGE_CURVE('',#3159,#3160,#3161,.T.);
#2612=EDGE_CURVE('',#3162,#3159,#3163,.T.);
#2613=EDGE_CURVE('',#3164,#3162,#3165,.T.);
#2614=EDGE_CURVE('',#3166,#3164,#3167,.T.);
#2615=EDGE_CURVE('',#3168,#3166,#3169,.T.);
#2616=EDGE_CURVE('',#3160,#3168,#3170,.T.);
#2617=EDGE_CURVE('',#3168,#3171,#3172,.T.);
#2618=EDGE_CURVE('',#3173,#3171,#3174,.T.);
#2619=EDGE_CURVE('',#3160,#3173,#3175,.T.);
#2620=EDGE_CURVE('',#3176,#3173,#3177,.T.);
#2621=EDGE_CURVE('',#3159,#3176,#3178,.T.);
#2622=EDGE_CURVE('',#3179,#3176,#3180,.T.);
#2623=EDGE_CURVE('',#3162,#3179,#3181,.T.);
#2624=EDGE_CURVE('',#3182,#3179,#3183,.T.);
#2625=EDGE_CURVE('',#3164,#3182,#3184,.T.);
#2626=EDGE_CURVE('',#3185,#3182,#3186,.T.);
#2627=EDGE_CURVE('',#3166,#3185,#3187,.T.);
#2628=EDGE_CURVE('',#3171,#3185,#3188,.T.);
#2629=EDGE_CURVE('',#3189,#3190,#3191,.T.);
#2630=EDGE_CURVE('',#3190,#3192,#3193,.T.);
#2631=EDGE_CURVE('',#3192,#3194,#3195,.T.);
#2632=EDGE_CURVE('',#3194,#3196,#3197,.T.);
#2633=EDGE_CURVE('',#3196,#3198,#3199,.T.);
#2634=EDGE_CURVE('',#3198,#3189,#3200,.T.);
#2635=EDGE_CURVE('',#3146,#3189,#3201,.T.);
#2636=EDGE_CURVE('',#3138,#3198,#3202,.T.);
#2637=EDGE_CURVE('',#3137,#3196,#3203,.T.);
#2638=EDGE_CURVE('',#3140,#3194,#3204,.T.);
#2639=EDGE_CURVE('',#3142,#3192,#3205,.T.);
#2640=EDGE_CURVE('',#3144,#3190,#3206,.T.);
#2641=EDGE_CURVE('',#3112,#3149,#3207,.T.);
#2642=EDGE_CURVE('',#3114,#3156,#3208,.T.);
#2643=EDGE_CURVE('',#3108,#3154,#3209,.T.);
#2644=EDGE_CURVE('',#3107,#3152,#3210,.T.);
#2645=EDGE_CURVE('',#3110,#3150,#3211,.T.);
#2646=EDGE_CURVE('',#3212,#3213,#3214,.T.);
#2647=EDGE_CURVE('',#3048,#3212,#3215,.T.);
#2648=EDGE_CURVE('',#3054,#3213,#3216,.T.);
#2649=EDGE_CURVE('',#3213,#3217,#3218,.T.);
#2650=EDGE_CURVE('',#3052,#3217,#3219,.T.);
#2651=EDGE_CURVE('',#3050,#3220,#3221,.T.);
#2652=EDGE_CURVE('',#3217,#3220,#3222,.T.);
#2653=EDGE_CURVE('',#3220,#3223,#3224,.T.);
#2654=EDGE_CURVE('',#3223,#3212,#3225,.T.);
#2655=EDGE_CURVE('',#3226,#3227,#3228,.T.);
#2656=EDGE_CURVE('',#3229,#3226,#3230,.T.);
#2657=EDGE_CURVE('',#3231,#3229,#3232,.T.);
#2658=EDGE_CURVE('',#3233,#3231,#3234,.T.);
#2659=EDGE_CURVE('',#3235,#3233,#3236,.T.);
#2660=EDGE_CURVE('',#3227,#3235,#3237,.T.);
#2661=EDGE_CURVE('',#3238,#3239,#3240,.T.);
#2662=EDGE_CURVE('',#3239,#3241,#3242,.T.);
#2663=EDGE_CURVE('',#3241,#3243,#3244,.T.);
#2664=EDGE_CURVE('',#3243,#3245,#3246,.T.);
#2665=EDGE_CURVE('',#3245,#3238,#3247,.T.);
#2666=EDGE_CURVE('',#3248,#3249,#3250,.T.);
#2667=EDGE_CURVE('',#3251,#3248,#3252,.T.);
#2668=EDGE_CURVE('',#3253,#3251,#3254,.T.);
#2669=EDGE_CURVE('',#3255,#3253,#3256,.T.);
#2670=EDGE_CURVE('',#3257,#3255,#3258,.T.);
#2671=EDGE_CURVE('',#3249,#3257,#3259,.T.);
#2672=EDGE_CURVE('',#3257,#3260,#3261,.T.);
#2673=EDGE_CURVE('',#3262,#3260,#3263,.T.);
#2674=EDGE_CURVE('',#3249,#3262,#3264,.T.);
#2675=EDGE_CURVE('',#3265,#3262,#3266,.T.);
#2676=EDGE_CURVE('',#3248,#3265,#3267,.T.);
#2677=EDGE_CURVE('',#3268,#3265,#3269,.T.);
#2678=EDGE_CURVE('',#3251,#3268,#3270,.T.);
#2679=EDGE_CURVE('',#3271,#3268,#3272,.T.);
#2680=EDGE_CURVE('',#3253,#3271,#3273,.T.);
#2681=EDGE_CURVE('',#3274,#3271,#3275,.T.);
#2682=EDGE_CURVE('',#3255,#3274,#3276,.T.);
#2683=EDGE_CURVE('',#3260,#3274,#3277,.T.);
#2684=EDGE_CURVE('',#3278,#3279,#3280,.T.);
#2685=EDGE_CURVE('',#3279,#3281,#3282,.T.);
#2686=EDGE_CURVE('',#3281,#3283,#3284,.T.);
#2687=EDGE_CURVE('',#3283,#3285,#3286,.T.);
#2688=EDGE_CURVE('',#3285,#3287,#3288,.T.);
#2689=EDGE_CURVE('',#3287,#3278,#3289,.T.);
#2690=EDGE_CURVE('',#3235,#3278,#3290,.T.);
#2691=EDGE_CURVE('',#3227,#3287,#3291,.T.);
#2692=EDGE_CURVE('',#3226,#3285,#3292,.T.);
#2693=EDGE_CURVE('',#3229,#3283,#3293,.T.);
#2694=EDGE_CURVE('',#3231,#3281,#3294,.T.);
#2695=EDGE_CURVE('',#3233,#3279,#3295,.T.);
#2696=EDGE_CURVE('',#3047,#3223,#3296,.T.);
#2697=EDGE_CURVE('',#3064,#3245,#3297,.T.);
#2698=EDGE_CURVE('',#3062,#3238,#3298,.T.);
#2699=EDGE_CURVE('',#3060,#3239,#3299,.T.);
#2700=EDGE_CURVE('',#3057,#3241,#3300,.T.);
#2701=EDGE_CURVE('',#3058,#3243,#3301,.T.);
#2702=EDGE_CURVE('',#3302,#3303,#3304,.T.);
#2703=EDGE_CURVE('',#3068,#3302,#3305,.T.);
#2704=EDGE_CURVE('',#3074,#3303,#3306,.T.);
#2705=EDGE_CURVE('',#3072,#3307,#3308,.T.);
#2706=EDGE_CURVE('',#3303,#3307,#3309,.T.);
#2707=EDGE_CURVE('',#3310,#3311,#3312,.T.);
#2708=EDGE_CURVE('',#3311,#3313,#3314,.T.);
#2709=EDGE_CURVE('',#3313,#3315,#3316,.T.);
#2710=EDGE_CURVE('',#3315,#3317,#3318,.T.);
#2711=EDGE_CURVE('',#3317,#3310,#3319,.T.);
#2712=EDGE_CURVE('',#3320,#3321,#3322,.T.);
#2713=EDGE_CURVE('',#3323,#3320,#3324,.T.);
#2714=EDGE_CURVE('',#3325,#3323,#3326,.T.);
#2715=EDGE_CURVE('',#3327,#3325,#3328,.T.);
#2716=EDGE_CURVE('',#3329,#3327,#3330,.T.);
#2717=EDGE_CURVE('',#3321,#3329,#3331,.T.);
#2718=EDGE_CURVE('',#3307,#3332,#3333,.T.);
#2719=EDGE_CURVE('',#3332,#3334,#3335,.T.);
#2720=EDGE_CURVE('',#3334,#3302,#3336,.T.);
#2721=EDGE_CURVE('',#3337,#3338,#3339,.T.);
#2722=EDGE_CURVE('',#3340,#3337,#3341,.T.);
#2723=EDGE_CURVE('',#3342,#3340,#3343,.T.);
#2724=EDGE_CURVE('',#3344,#3342,#3345,.T.);
#2725=EDGE_CURVE('',#3346,#3344,#3347,.T.);
#2726=EDGE_CURVE('',#3338,#3346,#3348,.T.);
#2727=EDGE_CURVE('',#3346,#3349,#3350,.T.);
#2728=EDGE_CURVE('',#3351,#3349,#3352,.T.);
#2729=EDGE_CURVE('',#3338,#3351,#3353,.T.);
#2730=EDGE_CURVE('',#3354,#3351,#3355,.T.);
#2731=EDGE_CURVE('',#3337,#3354,#3356,.T.);
#2732=EDGE_CURVE('',#3357,#3354,#3358,.T.);
#2733=EDGE_CURVE('',#3340,#3357,#3359,.T.);
#2734=EDGE_CURVE('',#3360,#3357,#3361,.T.);
#2735=EDGE_CURVE('',#3342,#3360,#3362,.T.);
#2736=EDGE_CURVE('',#3363,#3360,#3364,.T.);
#2737=EDGE_CURVE('',#3344,#3363,#3365,.T.);
#2738=EDGE_CURVE('',#3349,#3363,#3366,.T.);
#2739=EDGE_CURVE('',#3367,#3368,#3369,.T.);
#2740=EDGE_CURVE('',#3368,#3370,#3371,.T.);
#2741=EDGE_CURVE('',#3370,#3372,#3373,.T.);
#2742=EDGE_CURVE('',#3372,#3374,#3375,.T.);
#2743=EDGE_CURVE('',#3374,#3376,#3377,.T.);
#2744=EDGE_CURVE('',#3376,#3367,#3378,.T.);
#2745=EDGE_CURVE('',#3329,#3367,#3379,.T.);
#2746=EDGE_CURVE('',#3321,#3376,#3380,.T.);
#2747=EDGE_CURVE('',#3320,#3374,#3381,.T.);
#2748=EDGE_CURVE('',#3323,#3372,#3382,.T.);
#2749=EDGE_CURVE('',#3325,#3370,#3383,.T.);
#2750=EDGE_CURVE('',#3327,#3368,#3384,.T.);
#2751=EDGE_CURVE('',#3082,#3310,#3385,.T.);
#2752=EDGE_CURVE('',#3084,#3317,#3386,.T.);
#2753=EDGE_CURVE('',#3078,#3315,#3387,.T.);
#2754=EDGE_CURVE('',#3077,#3313,#3388,.T.);
#2755=EDGE_CURVE('',#3080,#3311,#3389,.T.);
#2756=EDGE_CURVE('',#3067,#3334,#3390,.T.);
#2757=EDGE_CURVE('',#3070,#3332,#3391,.T.);
#2758=EDGE_CURVE('',#3392,#3393,#3394,.T.);
#2759=EDGE_CURVE('',#3088,#3392,#3395,.T.);
#2760=EDGE_CURVE('',#3094,#3393,#3396,.T.);
#2761=EDGE_CURVE('',#3393,#3397,#3398,.T.);
#2762=EDGE_CURVE('',#3092,#3397,#3399,.T.);
#2763=EDGE_CURVE('',#3090,#3400,#3401,.T.);
#2764=EDGE_CURVE('',#3397,#3400,#3402,.T.);
#2765=EDGE_CURVE('',#3400,#3403,#3404,.T.);
#2766=EDGE_CURVE('',#3403,#3392,#3405,.T.);
#2767=EDGE_CURVE('',#3406,#3407,#3408,.T.);
#2768=EDGE_CURVE('',#3409,#3406,#3410,.T.);
#2769=EDGE_CURVE('',#3411,#3409,#3412,.T.);
#2770=EDGE_CURVE('',#3413,#3411,#3414,.T.);
#2771=EDGE_CURVE('',#3415,#3413,#3416,.T.);
#2772=EDGE_CURVE('',#3407,#3415,#3417,.T.);
#2773=EDGE_CURVE('',#3418,#3419,#3420,.T.);
#2774=EDGE_CURVE('',#3419,#3421,#3422,.T.);
#2775=EDGE_CURVE('',#3421,#3423,#3424,.T.);
#2776=EDGE_CURVE('',#3423,#3425,#3426,.T.);
#2777=EDGE_CURVE('',#3425,#3418,#3427,.T.);
#2778=EDGE_CURVE('',#3428,#3429,#3430,.T.);
#2779=EDGE_CURVE('',#3431,#3428,#3432,.T.);
#2780=EDGE_CURVE('',#3433,#3431,#3434,.T.);
#2781=EDGE_CURVE('',#3435,#3433,#3436,.T.);
#2782=EDGE_CURVE('',#3437,#3435,#3438,.T.);
#2783=EDGE_CURVE('',#3429,#3437,#3439,.T.);
#2784=EDGE_CURVE('',#3437,#3440,#3441,.T.);
#2785=EDGE_CURVE('',#3442,#3440,#3443,.T.);
#2786=EDGE_CURVE('',#3429,#3442,#3444,.T.);
#2787=EDGE_CURVE('',#3445,#3442,#3446,.T.);
#2788=EDGE_CURVE('',#3428,#3445,#3447,.T.);
#2789=EDGE_CURVE('',#3448,#3445,#3449,.T.);
#2790=EDGE_CURVE('',#3431,#3448,#3450,.T.);
#2791=EDGE_CURVE('',#3451,#3448,#3452,.T.);
#2792=EDGE_CURVE('',#3433,#3451,#3453,.T.);
#2793=EDGE_CURVE('',#3454,#3451,#3455,.T.);
#2794=EDGE_CURVE('',#3435,#3454,#3456,.T.);
#2795=EDGE_CURVE('',#3440,#3454,#3457,.T.);
#2796=EDGE_CURVE('',#3458,#3459,#3460,.T.);
#2797=EDGE_CURVE('',#3459,#3461,#3462,.T.);
#2798=EDGE_CURVE('',#3461,#3463,#3464,.T.);
#2799=EDGE_CURVE('',#3463,#3465,#3466,.T.);
#2800=EDGE_CURVE('',#3465,#3467,#3468,.T.);
#2801=EDGE_CURVE('',#3467,#3458,#3469,.T.);
#2802=EDGE_CURVE('',#3415,#3458,#3470,.T.);
#2803=EDGE_CURVE('',#3407,#3467,#3471,.T.);
#2804=EDGE_CURVE('',#3406,#3465,#3472,.T.);
#2805=EDGE_CURVE('',#3409,#3463,#3473,.T.);
#2806=EDGE_CURVE('',#3411,#3461,#3474,.T.);
#2807=EDGE_CURVE('',#3413,#3459,#3475,.T.);
#2808=EDGE_CURVE('',#3087,#3403,#3476,.T.);
#2809=EDGE_CURVE('',#3104,#3425,#3477,.T.);
#2810=EDGE_CURVE('',#3102,#3418,#3478,.T.);
#2811=EDGE_CURVE('',#3100,#3419,#3479,.T.);
#2812=EDGE_CURVE('',#3097,#3421,#3480,.T.);
#2813=EDGE_CURVE('',#3098,#3423,#3481,.T.);
#2814=EDGE_CURVE('',#3039,#3033,#3482,.T.);
#2815=EDGE_CURVE('',#3483,#3030,#3484,.T.);
#2816=EDGE_CURVE('',#3483,#3011,#3485,.T.);
#2817=EDGE_CURVE('',#3486,#3483,#3487,.T.);
#2818=EDGE_CURVE('',#3486,#3013,#3488,.T.);
#2819=EDGE_CURVE('',#3489,#3486,#3490,.T.);
#2820=EDGE_CURVE('',#3489,#3015,#3491,.T.);
#2821=EDGE_CURVE('',#3492,#3493,#3494,.T.);
#2822=EDGE_CURVE('',#3493,#3017,#3495,.T.);
#2823=EDGE_CURVE('',#3496,#3489,#3497,.T.);
#2824=EDGE_CURVE('',#3496,#3498,#3499,.T.);
#2825=EDGE_CURVE('',#3500,#3498,#3501,.T.);
#2826=EDGE_CURVE('',#3500,#3492,#3502,.T.);
#2827=EDGE_CURVE('',#3503,#3504,#3505,.T.);
#2828=EDGE_CURVE('',#3506,#3503,#3507,.T.);
#2829=EDGE_CURVE('',#3508,#3506,#3509,.T.);
#2830=EDGE_CURVE('',#3504,#3508,#3510,.T.);
#2831=EDGE_CURVE('',#3511,#3512,#3513,.T.);
#2832=EDGE_CURVE('',#3514,#3511,#3515,.T.);
#2833=EDGE_CURVE('',#3516,#3514,#3517,.T.);
#2834=EDGE_CURVE('',#3512,#3516,#3518,.T.);
#2835=EDGE_CURVE('',#3519,#3520,#3521,.T.);
#2836=EDGE_CURVE('',#3522,#3519,#3523,.T.);
#2837=EDGE_CURVE('',#3524,#3522,#3525,.T.);
#2838=EDGE_CURVE('',#3520,#3524,#3526,.T.);
#2839=EDGE_CURVE('',#3527,#3528,#3529,.T.);
#2840=EDGE_CURVE('',#3530,#3527,#3531,.T.);
#2841=EDGE_CURVE('',#3532,#3530,#3533,.T.);
#2842=EDGE_CURVE('',#3528,#3532,#3534,.T.);
#2843=EDGE_CURVE('',#3535,#3536,#3537,.T.);
#2844=EDGE_CURVE('',#3538,#3535,#3539,.T.);
#2845=EDGE_CURVE('',#3540,#3538,#3541,.T.);
#2846=EDGE_CURVE('',#3536,#3540,#3542,.T.);
#2847=EDGE_CURVE('',#3543,#3544,#3545,.T.);
#2848=EDGE_CURVE('',#3546,#3543,#3547,.T.);
#2849=EDGE_CURVE('',#3548,#3546,#3549,.T.);
#2850=EDGE_CURVE('',#3544,#3548,#3550,.T.);
#2851=EDGE_CURVE('',#3551,#3552,#3553,.T.);
#2852=EDGE_CURVE('',#3554,#3551,#3555,.T.);
#2853=EDGE_CURVE('',#3556,#3554,#3557,.T.);
#2854=EDGE_CURVE('',#3552,#3556,#3558,.T.);
#2855=EDGE_CURVE('',#3559,#3560,#3561,.T.);
#2856=EDGE_CURVE('',#3562,#3559,#3563,.T.);
#2857=EDGE_CURVE('',#3564,#3562,#3565,.T.);
#2858=EDGE_CURVE('',#3560,#3564,#3566,.T.);
#2859=EDGE_CURVE('',#3043,#3567,#3568,.T.);
#2860=EDGE_CURVE('',#3569,#3023,#3570,.T.);
#2861=EDGE_CURVE('',#3569,#3492,#3571,.T.);
#2862=EDGE_CURVE('',#3500,#3572,#3573,.T.);
#2863=EDGE_CURVE('',#3567,#3572,#3574,.T.);
#2864=EDGE_CURVE('',#3575,#3576,#3577,.T.);
#2865=EDGE_CURVE('',#3575,#3578,#3579,.T.);
#2866=EDGE_CURVE('',#3580,#3578,#3581,.T.);
#2867=EDGE_CURVE('',#3580,#3576,#3582,.T.);
#2868=EDGE_CURVE('',#3583,#3584,#3585,.T.);
#2869=EDGE_CURVE('',#3583,#3586,#3587,.T.);
#2870=EDGE_CURVE('',#3586,#3588,#3589,.T.);
#2871=EDGE_CURVE('',#3588,#3584,#3590,.T.);
#2872=EDGE_CURVE('',#3591,#3592,#3593,.T.);
#2873=EDGE_CURVE('',#3591,#3594,#3595,.T.);
#2874=EDGE_CURVE('',#3594,#3576,#3596,.T.);
#2875=EDGE_CURVE('',#3580,#3592,#3597,.T.);
#2876=EDGE_CURVE('',#3583,#3598,#3599,.T.);
#2877=EDGE_CURVE('',#3600,#3598,#3601,.T.);
#2878=EDGE_CURVE('',#3602,#3600,#3603,.T.);
#2879=EDGE_CURVE('',#3586,#3602,#3604,.T.);
#2880=EDGE_CURVE('',#3578,#3605,#3606,.T.);
#2881=EDGE_CURVE('',#3607,#3605,#3608,.T.);
#2882=EDGE_CURVE('',#3607,#3609,#3610,.T.);
#2883=EDGE_CURVE('',#3609,#3611,#3612,.T.);
#2884=EDGE_CURVE('',#3611,#3613,#3614,.T.);
#2885=EDGE_CURVE('',#3613,#3615,#3616,.T.);
#2886=EDGE_CURVE('',#3592,#3615,#3617,.T.);
#2887=EDGE_CURVE('',#3615,#3618,#3619,.T.);
#2888=EDGE_CURVE('',#3602,#3618,#3620,.T.);
#2889=EDGE_CURVE('',#3621,#3600,#3622,.T.);
#2890=EDGE_CURVE('',#3623,#3621,#3624,.T.);
#2891=EDGE_CURVE('',#3623,#3591,#3625,.T.);
#2892=EDGE_CURVE('',#3626,#3623,#3627,.T.);
#2893=EDGE_CURVE('',#3628,#3626,#3629,.T.);
#2894=EDGE_CURVE('',#3630,#3628,#3631,.T.);
#2895=EDGE_CURVE('',#3632,#3630,#3633,.T.);
#2896=EDGE_CURVE('',#3634,#3632,#3635,.T.);
#2897=EDGE_CURVE('',#3636,#3634,#3637,.T.);
#2898=EDGE_CURVE('',#3638,#3636,#3639,.T.);
#2899=EDGE_CURVE('',#3640,#3638,#3641,.T.);
#2900=EDGE_CURVE('',#3642,#3640,#3643,.T.);
#2901=EDGE_CURVE('',#3642,#3594,#3644,.T.);
#2902=EDGE_CURVE('',#3575,#3642,#3645,.T.);
#2903=EDGE_CURVE('',#3640,#3605,#3646,.T.);
#2904=EDGE_CURVE('',#3647,#3648,#3649,.T.);
#2905=EDGE_CURVE('',#3650,#3648,#3651,.T.);
#2906=EDGE_CURVE('',#3650,#3584,#3652,.T.);
#2907=EDGE_CURVE('',#3588,#3647,#3653,.T.);
#2908=EDGE_CURVE('',#3638,#3607,#3654,.T.);
#2909=EDGE_CURVE('',#3655,#3656,#3657,.T.);
#2910=EDGE_CURVE('',#3648,#3656,#3658,.T.);
#2911=EDGE_CURVE('',#3655,#3647,#3659,.T.);
#2912=EDGE_CURVE('',#3636,#3609,#3660,.T.);
#2913=EDGE_CURVE('',#3661,#3662,#3663,.T.);
#2914=EDGE_CURVE('',#3656,#3662,#3664,.T.);
#2915=EDGE_CURVE('',#3655,#3661,#3665,.T.);
#2916=EDGE_CURVE('',#3634,#3666,#3667,.T.);
#2917=EDGE_CURVE('',#3662,#3666,#3668,.T.);
#2918=EDGE_CURVE('',#3661,#3669,#3670,.T.);
#2919=EDGE_CURVE('',#3611,#3669,#3671,.T.);
#2920=EDGE_CURVE('',#3669,#3672,#3673,.T.);
#2921=EDGE_CURVE('',#3613,#3672,#3674,.T.);
#2922=EDGE_CURVE('',#3672,#3618,#3675,.T.);
#2923=EDGE_CURVE('',#3666,#3676,#3677,.T.);
#2924=EDGE_CURVE('',#3676,#3678,#3679,.T.);
#2925=EDGE_CURVE('',#3678,#3680,#3681,.T.);
#2926=EDGE_CURVE('',#3680,#3682,#3683,.T.);
#2927=EDGE_CURVE('',#3682,#3621,#3684,.T.);
#2928=EDGE_CURVE('',#3598,#3650,#3685,.T.);
#2929=EDGE_CURVE('',#3626,#3682,#3686,.T.);
#2930=EDGE_CURVE('',#3628,#3680,#3687,.T.);
#2931=EDGE_CURVE('',#3630,#3678,#3688,.T.);
#2932=EDGE_CURVE('',#3632,#3676,#3689,.T.);
#2933=EDGE_CURVE('',#3690,#3021,#3691,.T.);
#2934=EDGE_CURVE('',#3690,#3569,#3692,.T.);
#2935=EDGE_CURVE('',#3693,#3694,#3695,.T.);
#2936=EDGE_CURVE('',#3567,#3693,#3696,.T.);
#2937=EDGE_CURVE('',#3694,#3572,#3697,.T.);
#2938=EDGE_CURVE('',#3698,#3690,#3699,.T.);
#2939=EDGE_CURVE('',#3493,#3698,#3700,.T.);
#2940=EDGE_CURVE('',#3698,#3019,#3701,.T.);
#2941=EDGE_CURVE('',#3702,#3496,#3703,.T.);
#2942=EDGE_CURVE('',#3702,#3704,#3705,.T.);
#2943=EDGE_CURVE('',#3498,#3704,#3706,.T.);
#2944=EDGE_CURVE('',#3693,#3702,#3707,.T.);
#2945=EDGE_CURVE('',#3704,#3694,#3708,.T.);
#2946=EDGE_CURVE('',#3508,#3709,#3710,.T.);
#2947=EDGE_CURVE('',#3711,#3709,#3712,.T.);
#2948=EDGE_CURVE('',#3504,#3711,#3713,.T.);
#2949=EDGE_CURVE('',#3714,#3711,#3715,.T.);
#2950=EDGE_CURVE('',#3503,#3714,#3716,.T.);
#2951=EDGE_CURVE('',#3717,#3714,#3718,.T.);
#2952=EDGE_CURVE('',#3506,#3717,#3719,.T.);
#2953=EDGE_CURVE('',#3709,#3717,#3720,.T.);
#2954=EDGE_CURVE('',#3721,#3722,#3723,.T.);
#2955=EDGE_CURVE('',#3722,#3724,#3725,.T.);
#2956=EDGE_CURVE('',#3724,#3726,#3727,.T.);
#2957=EDGE_CURVE('',#3726,#3721,#3728,.T.);
#2958=EDGE_CURVE('',#3516,#3721,#3729,.T.);
#2959=EDGE_CURVE('',#3512,#3726,#3730,.T.);
#2960=EDGE_CURVE('',#3511,#3724,#3731,.T.);
#2961=EDGE_CURVE('',#3514,#3722,#3732,.T.);
#2962=EDGE_CURVE('',#3524,#3733,#3734,.T.);
#2963=EDGE_CURVE('',#3735,#3733,#3736,.T.);
#2964=EDGE_CURVE('',#3520,#3735,#3737,.T.);
#2965=EDGE_CURVE('',#3738,#3735,#3739,.T.);
#2966=EDGE_CURVE('',#3519,#3738,#3740,.T.);
#2967=EDGE_CURVE('',#3741,#3738,#3742,.T.);
#2968=EDGE_CURVE('',#3522,#3741,#3743,.T.);
#2969=EDGE_CURVE('',#3733,#3741,#3744,.T.);
#2970=EDGE_CURVE('',#3745,#3746,#3747,.T.);
#2971=EDGE_CURVE('',#3746,#3748,#3749,.T.);
#2972=EDGE_CURVE('',#3748,#3750,#3751,.T.);
#2973=EDGE_CURVE('',#3750,#3745,#3752,.T.);
#2974=EDGE_CURVE('',#3532,#3745,#3753,.T.);
#2975=EDGE_CURVE('',#3528,#3750,#3754,.T.);
#2976=EDGE_CURVE('',#3527,#3748,#3755,.T.);
#2977=EDGE_CURVE('',#3530,#3746,#3756,.T.);
#2978=EDGE_CURVE('',#3540,#3757,#3758,.T.);
#2979=EDGE_CURVE('',#3759,#3757,#3760,.T.);
#2980=EDGE_CURVE('',#3536,#3759,#3761,.T.);
#2981=EDGE_CURVE('',#3762,#3759,#3763,.T.);
#2982=EDGE_CURVE('',#3535,#3762,#3764,.T.);
#2983=EDGE_CURVE('',#3765,#3762,#3766,.T.);
#2984=EDGE_CURVE('',#3538,#3765,#3767,.T.);
#2985=EDGE_CURVE('',#3757,#3765,#3768,.T.);
#2986=EDGE_CURVE('',#3769,#3770,#3771,.T.);
#2987=EDGE_CURVE('',#3770,#3772,#3773,.T.);
#2988=EDGE_CURVE('',#3772,#3774,#3775,.T.);
#2989=EDGE_CURVE('',#3774,#3769,#3776,.T.);
#2990=EDGE_CURVE('',#3548,#3769,#3777,.T.);
#2991=EDGE_CURVE('',#3544,#3774,#3778,.T.);
#2992=EDGE_CURVE('',#3543,#3772,#3779,.T.);
#2993=EDGE_CURVE('',#3546,#3770,#3780,.T.);
#2994=EDGE_CURVE('',#3556,#3781,#3782,.T.);
#2995=EDGE_CURVE('',#3783,#3781,#3784,.T.);
#2996=EDGE_CURVE('',#3552,#3783,#3785,.T.);
#2997=EDGE_CURVE('',#3786,#3783,#3787,.T.);
#2998=EDGE_CURVE('',#3551,#3786,#3788,.T.);
#2999=EDGE_CURVE('',#3789,#3786,#3790,.T.);
#3000=EDGE_CURVE('',#3554,#3789,#3791,.T.);
#3001=EDGE_CURVE('',#3781,#3789,#3792,.T.);
#3002=EDGE_CURVE('',#3793,#3794,#3795,.T.);
#3003=EDGE_CURVE('',#3794,#3796,#3797,.T.);
#3004=EDGE_CURVE('',#3796,#3798,#3799,.T.);
#3005=EDGE_CURVE('',#3798,#3793,#3800,.T.);
#3006=EDGE_CURVE('',#3564,#3793,#3801,.T.);
#3007=EDGE_CURVE('',#3560,#3798,#3802,.T.);
#3008=EDGE_CURVE('',#3559,#3796,#3803,.T.);
#3009=EDGE_CURVE('',#3562,#3794,#3804,.T.);
#3010=VERTEX_POINT('',#3805);
#3011=VERTEX_POINT('',#3806);
#3012=LINE('',#3807,#3808);
#3013=VERTEX_POINT('',#3809);
#3014=CIRCLE('',#3810,0.3);
#3015=VERTEX_POINT('',#3811);
#3016=LINE('',#3812,#3813);
#3017=VERTEX_POINT('',#3814);
#3018=LINE('',#3815,#3816);
#3019=VERTEX_POINT('',#3817);
#3020=LINE('',#3818,#3819);
#3021=VERTEX_POINT('',#3820);
#3022=CIRCLE('',#3821,0.29);
#3023=VERTEX_POINT('',#3822);
#3024=LINE('',#3823,#3824);
#3025=VERTEX_POINT('',#3825);
#3026=LINE('',#3826,#3827);
#3027=VERTEX_POINT('',#3828);
#3028=LINE('',#3829,#3830);
#3029=LINE('',#3831,#3832);
#3030=VERTEX_POINT('',#3833);
#3031=VERTEX_POINT('',#3834);
#3032=LINE('',#3835,#3836);
#3033=VERTEX_POINT('',#3837);
#3034=LINE('',#3838,#3839);
#3035=VERTEX_POINT('',#3840);
#3036=LINE('',#3841,#3842);
#3037=LINE('',#3843,#3844);
#3038=VERTEX_POINT('',#3845);
#3039=VERTEX_POINT('',#3846);
#3040=LINE('',#3847,#3848);
#3041=LINE('',#3849,#3850);
#3042=LINE('',#3851,#3852);
#3043=VERTEX_POINT('',#3853);
#3044=LINE('',#3854,#3855);
#3045=LINE('',#3856,#3857);
#3046=CIRCLE('',#3858,0.3);
#3047=VERTEX_POINT('',#3859);
#3048=VERTEX_POINT('',#3860);
#3049=LINE('',#3861,#3862);
#3050=VERTEX_POINT('',#3863);
#3051=LINE('',#3864,#3865);
#3052=VERTEX_POINT('',#3866);
#3053=LINE('',#3867,#3868);
#3054=VERTEX_POINT('',#3869);
#3055=LINE('',#3870,#3871);
#3056=LINE('',#3872,#3873);
#3057=VERTEX_POINT('',#3874);
#3058=VERTEX_POINT('',#3875);
#3059=LINE('',#3876,#3877);
#3060=VERTEX_POINT('',#3878);
#3061=LINE('',#3879,#3880);
#3062=VERTEX_POINT('',#3881);
#3063=LINE('',#3882,#3883);
#3064=VERTEX_POINT('',#3884);
#3065=LINE('',#3885,#3886);
#3066=LINE('',#3887,#3888);
#3067=VERTEX_POINT('',#3889);
#3068=VERTEX_POINT('',#3890);
#3069=LINE('',#3891,#3892);
#3070=VERTEX_POINT('',#3893);
#3071=LINE('',#3894,#3895);
#3072=VERTEX_POINT('',#3896);
#3073=LINE('',#3897,#3898);
#3074=VERTEX_POINT('',#3899);
#3075=LINE('',#3900,#3901);
#3076=LINE('',#3902,#3903);
#3077=VERTEX_POINT('',#3904);
#3078=VERTEX_POINT('',#3905);
#3079=LINE('',#3906,#3907);
#3080=VERTEX_POINT('',#3908);
#3081=LINE('',#3909,#3910);
#3082=VERTEX_POINT('',#3911);
#3083=LINE('',#3912,#3913);
#3084=VERTEX_POINT('',#3914);
#3085=LINE('',#3915,#3916);
#3086=LINE('',#3917,#3918);
#3087=VERTEX_POINT('',#3919);
#3088=VERTEX_POINT('',#3920);
#3089=LINE('',#3921,#3922);
#3090=VERTEX_POINT('',#3923);
#3091=LINE('',#3924,#3925);
#3092=VERTEX_POINT('',#3926);
#3093=LINE('',#3927,#3928);
#3094=VERTEX_POINT('',#3929);
#3095=LINE('',#3930,#3931);
#3096=LINE('',#3932,#3933);
#3097=VERTEX_POINT('',#3934);
#3098=VERTEX_POINT('',#3935);
#3099=LINE('',#3936,#3937);
#3100=VERTEX_POINT('',#3938);
#3101=LINE('',#3939,#3940);
#3102=VERTEX_POINT('',#3941);
#3103=LINE('',#3942,#3943);
#3104=VERTEX_POINT('',#3944);
#3105=LINE('',#3945,#3946);
#3106=LINE('',#3947,#3948);
#3107=VERTEX_POINT('',#3949);
#3108=VERTEX_POINT('',#3950);
#3109=LINE('',#3951,#3952);
#3110=VERTEX_POINT('',#3953);
#3111=LINE('',#3954,#3955);
#3112=VERTEX_POINT('',#3956);
#3113=LINE('',#3957,#3958);
#3114=VERTEX_POINT('',#3959);
#3115=LINE('',#3960,#3961);
#3116=LINE('',#3962,#3963);
#3117=VERTEX_POINT('',#3964);
#3118=VERTEX_POINT('',#3965);
#3119=LINE('',#3966,#3967);
#3120=VERTEX_POINT('',#3968);
#3121=LINE('',#3969,#3970);
#3122=VERTEX_POINT('',#3971);
#3123=LINE('',#3972,#3973);
#3124=LINE('',#3974,#3975);
#3125=VERTEX_POINT('',#3976);
#3126=LINE('',#3977,#3978);
#3127=VERTEX_POINT('',#3979);
#3128=LINE('',#3980,#3981);
#3129=LINE('',#3982,#3983);
#3130=VERTEX_POINT('',#3984);
#3131=LINE('',#3985,#3986);
#3132=LINE('',#3987,#3988);
#3133=VERTEX_POINT('',#3989);
#3134=LINE('',#3990,#3991);
#3135=LINE('',#3992,#3993);
#3136=LINE('',#3994,#3995);
#3137=VERTEX_POINT('',#3996);
#3138=VERTEX_POINT('',#3997);
#3139=LINE('',#3998,#3999);
#3140=VERTEX_POINT('',#4000);
#3141=LINE('',#4001,#4002);
#3142=VERTEX_POINT('',#4003);
#3143=LINE('',#4004,#4005);
#3144=VERTEX_POINT('',#4006);
#3145=LINE('',#4007,#4008);
#3146=VERTEX_POINT('',#4009);
#3147=LINE('',#4010,#4011);
#3148=LINE('',#4012,#4013);
#3149=VERTEX_POINT('',#4014);
#3150=VERTEX_POINT('',#4015);
#3151=LINE('',#4016,#4017);
#3152=VERTEX_POINT('',#4018);
#3153=LINE('',#4019,#4020);
#3154=VERTEX_POINT('',#4021);
#3155=LINE('',#4022,#4023);
#3156=VERTEX_POINT('',#4024);
#3157=LINE('',#4025,#4026);
#3158=LINE('',#4027,#4028);
#3159=VERTEX_POINT('',#4029);
#3160=VERTEX_POINT('',#4030);
#3161=LINE('',#4031,#4032);
#3162=VERTEX_POINT('',#4033);
#3163=LINE('',#4034,#4035);
#3164=VERTEX_POINT('',#4036);
#3165=LINE('',#4037,#4038);
#3166=VERTEX_POINT('',#4039);
#3167=LINE('',#4040,#4041);
#3168=VERTEX_POINT('',#4042);
#3169=LINE('',#4043,#4044);
#3170=LINE('',#4045,#4046);
#3171=VERTEX_POINT('',#4047);
#3172=LINE('',#4048,#4049);
#3173=VERTEX_POINT('',#4050);
#3174=LINE('',#4051,#4052);
#3175=LINE('',#4053,#4054);
#3176=VERTEX_POINT('',#4055);
#3177=LINE('',#4056,#4057);
#3178=LINE('',#4058,#4059);
#3179=VERTEX_POINT('',#4060);
#3180=LINE('',#4061,#4062);
#3181=LINE('',#4063,#4064);
#3182=VERTEX_POINT('',#4065);
#3183=LINE('',#4066,#4067);
#3184=LINE('',#4068,#4069);
#3185=VERTEX_POINT('',#4070);
#3186=LINE('',#4071,#4072);
#3187=LINE('',#4073,#4074);
#3188=LINE('',#4075,#4076);
#3189=VERTEX_POINT('',#4077);
#3190=VERTEX_POINT('',#4078);
#3191=LINE('',#4079,#4080);
#3192=VERTEX_POINT('',#4081);
#3193=LINE('',#4082,#4083);
#3194=VERTEX_POINT('',#4084);
#3195=LINE('',#4085,#4086);
#3196=VERTEX_POINT('',#4087);
#3197=LINE('',#4088,#4089);
#3198=VERTEX_POINT('',#4090);
#3199=LINE('',#4091,#4092);
#3200=LINE('',#4093,#4094);
#3201=LINE('',#4095,#4096);
#3202=LINE('',#4097,#4098);
#3203=LINE('',#4099,#4100);
#3204=LINE('',#4101,#4102);
#3205=LINE('',#4103,#4104);
#3206=LINE('',#4105,#4106);
#3207=LINE('',#4107,#4108);
#3208=LINE('',#4109,#4110);
#3209=LINE('',#4111,#4112);
#3210=LINE('',#4113,#4114);
#3211=LINE('',#4115,#4116);
#3212=VERTEX_POINT('',#4117);
#3213=VERTEX_POINT('',#4118);
#3214=LINE('',#4119,#4120);
#3215=LINE('',#4121,#4122);
#3216=LINE('',#4123,#4124);
#3217=VERTEX_POINT('',#4125);
#3218=LINE('',#4126,#4127);
#3219=LINE('',#4128,#4129);
#3220=VERTEX_POINT('',#4130);
#3221=LINE('',#4131,#4132);
#3222=LINE('',#4133,#4134);
#3223=VERTEX_POINT('',#4135);
#3224=LINE('',#4136,#4137);
#3225=LINE('',#4138,#4139);
#3226=VERTEX_POINT('',#4140);
#3227=VERTEX_POINT('',#4141);
#3228=LINE('',#4142,#4143);
#3229=VERTEX_POINT('',#4144);
#3230=LINE('',#4145,#4146);
#3231=VERTEX_POINT('',#4147);
#3232=LINE('',#4148,#4149);
#3233=VERTEX_POINT('',#4150);
#3234=LINE('',#4151,#4152);
#3235=VERTEX_POINT('',#4153);
#3236=LINE('',#4154,#4155);
#3237=LINE('',#4156,#4157);
#3238=VERTEX_POINT('',#4158);
#3239=VERTEX_POINT('',#4159);
#3240=LINE('',#4160,#4161);
#3241=VERTEX_POINT('',#4162);
#3242=LINE('',#4163,#4164);
#3243=VERTEX_POINT('',#4165);
#3244=LINE('',#4166,#4167);
#3245=VERTEX_POINT('',#4168);
#3246=LINE('',#4169,#4170);
#3247=LINE('',#4171,#4172);
#3248=VERTEX_POINT('',#4173);
#3249=VERTEX_POINT('',#4174);
#3250=LINE('',#4175,#4176);
#3251=VERTEX_POINT('',#4177);
#3252=LINE('',#4178,#4179);
#3253=VERTEX_POINT('',#4180);
#3254=LINE('',#4181,#4182);
#3255=VERTEX_POINT('',#4183);
#3256=LINE('',#4184,#4185);
#3257=VERTEX_POINT('',#4186);
#3258=LINE('',#4187,#4188);
#3259=LINE('',#4189,#4190);
#3260=VERTEX_POINT('',#4191);
#3261=LINE('',#4192,#4193);
#3262=VERTEX_POINT('',#4194);
#3263=LINE('',#4195,#4196);
#3264=LINE('',#4197,#4198);
#3265=VERTEX_POINT('',#4199);
#3266=LINE('',#4200,#4201);
#3267=LINE('',#4202,#4203);
#3268=VERTEX_POINT('',#4204);
#3269=LINE('',#4205,#4206);
#3270=LINE('',#4207,#4208);
#3271=VERTEX_POINT('',#4209);
#3272=LINE('',#4210,#4211);
#3273=LINE('',#4212,#4213);
#3274=VERTEX_POINT('',#4214);
#3275=LINE('',#4215,#4216);
#3276=LINE('',#4217,#4218);
#3277=LINE('',#4219,#4220);
#3278=VERTEX_POINT('',#4221);
#3279=VERTEX_POINT('',#4222);
#3280=LINE('',#4223,#4224);
#3281=VERTEX_POINT('',#4225);
#3282=LINE('',#4226,#4227);
#3283=VERTEX_POINT('',#4228);
#3284=LINE('',#4229,#4230);
#3285=VERTEX_POINT('',#4231);
#3286=LINE('',#4232,#4233);
#3287=VERTEX_POINT('',#4234);
#3288=LINE('',#4235,#4236);
#3289=LINE('',#4237,#4238);
#3290=LINE('',#4239,#4240);
#3291=LINE('',#4241,#4242);
#3292=LINE('',#4243,#4244);
#3293=LINE('',#4245,#4246);
#3294=LINE('',#4247,#4248);
#3295=LINE('',#4249,#4250);
#3296=LINE('',#4251,#4252);
#3297=LINE('',#4253,#4254);
#3298=LINE('',#4255,#4256);
#3299=LINE('',#4257,#4258);
#3300=LINE('',#4259,#4260);
#3301=LINE('',#4261,#4262);
#3302=VERTEX_POINT('',#4263);
#3303=VERTEX_POINT('',#4264);
#3304=LINE('',#4265,#4266);
#3305=LINE('',#4267,#4268);
#3306=LINE('',#4269,#4270);
#3307=VERTEX_POINT('',#4271);
#3308=LINE('',#4272,#4273);
#3309=LINE('',#4274,#4275);
#3310=VERTEX_POINT('',#4276);
#3311=VERTEX_POINT('',#4277);
#3312=LINE('',#4278,#4279);
#3313=VERTEX_POINT('',#4280);
#3314=LINE('',#4281,#4282);
#3315=VERTEX_POINT('',#4283);
#3316=LINE('',#4284,#4285);
#3317=VERTEX_POINT('',#4286);
#3318=LINE('',#4287,#4288);
#3319=LINE('',#4289,#4290);
#3320=VERTEX_POINT('',#4291);
#3321=VERTEX_POINT('',#4292);
#3322=LINE('',#4293,#4294);
#3323=VERTEX_POINT('',#4295);
#3324=LINE('',#4296,#4297);
#3325=VERTEX_POINT('',#4298);
#3326=LINE('',#4299,#4300);
#3327=VERTEX_POINT('',#4301);
#3328=LINE('',#4302,#4303);
#3329=VERTEX_POINT('',#4304);
#3330=LINE('',#4305,#4306);
#3331=LINE('',#4307,#4308);
#3332=VERTEX_POINT('',#4309);
#3333=LINE('',#4310,#4311);
#3334=VERTEX_POINT('',#4312);
#3335=LINE('',#4313,#4314);
#3336=LINE('',#4315,#4316);
#3337=VERTEX_POINT('',#4317);
#3338=VERTEX_POINT('',#4318);
#3339=LINE('',#4319,#4320);
#3340=VERTEX_POINT('',#4321);
#3341=LINE('',#4322,#4323);
#3342=VERTEX_POINT('',#4324);
#3343=LINE('',#4325,#4326);
#3344=VERTEX_POINT('',#4327);
#3345=LINE('',#4328,#4329);
#3346=VERTEX_POINT('',#4330);
#3347=LINE('',#4331,#4332);
#3348=LINE('',#4333,#4334);
#3349=VERTEX_POINT('',#4335);
#3350=LINE('',#4336,#4337);
#3351=VERTEX_POINT('',#4338);
#3352=LINE('',#4339,#4340);
#3353=LINE('',#4341,#4342);
#3354=VERTEX_POINT('',#4343);
#3355=LINE('',#4344,#4345);
#3356=LINE('',#4346,#4347);
#3357=VERTEX_POINT('',#4348);
#3358=LINE('',#4349,#4350);
#3359=LINE('',#4351,#4352);
#3360=VERTEX_POINT('',#4353);
#3361=LINE('',#4354,#4355);
#3362=LINE('',#4356,#4357);
#3363=VERTEX_POINT('',#4358);
#3364=LINE('',#4359,#4360);
#3365=LINE('',#4361,#4362);
#3366=LINE('',#4363,#4364);
#3367=VERTEX_POINT('',#4365);
#3368=VERTEX_POINT('',#4366);
#3369=LINE('',#4367,#4368);
#3370=VERTEX_POINT('',#4369);
#3371=LINE('',#4370,#4371);
#3372=VERTEX_POINT('',#4372);
#3373=LINE('',#4373,#4374);
#3374=VERTEX_POINT('',#4375);
#3375=LINE('',#4376,#4377);
#3376=VERTEX_POINT('',#4378);
#3377=LINE('',#4379,#4380);
#3378=LINE('',#4381,#4382);
#3379=LINE('',#4383,#4384);
#3380=LINE('',#4385,#4386);
#3381=LINE('',#4387,#4388);
#3382=LINE('',#4389,#4390);
#3383=LINE('',#4391,#4392);
#3384=LINE('',#4393,#4394);
#3385=LINE('',#4395,#4396);
#3386=LINE('',#4397,#4398);
#3387=LINE('',#4399,#4400);
#3388=LINE('',#4401,#4402);
#3389=LINE('',#4403,#4404);
#3390=LINE('',#4405,#4406);
#3391=LINE('',#4407,#4408);
#3392=VERTEX_POINT('',#4409);
#3393=VERTEX_POINT('',#4410);
#3394=LINE('',#4411,#4412);
#3395=LINE('',#4413,#4414);
#3396=LINE('',#4415,#4416);
#3397=VERTEX_POINT('',#4417);
#3398=LINE('',#4418,#4419);
#3399=LINE('',#4420,#4421);
#3400=VERTEX_POINT('',#4422);
#3401=LINE('',#4423,#4424);
#3402=LINE('',#4425,#4426);
#3403=VERTEX_POINT('',#4427);
#3404=LINE('',#4428,#4429);
#3405=LINE('',#4430,#4431);
#3406=VERTEX_POINT('',#4432);
#3407=VERTEX_POINT('',#4433);
#3408=LINE('',#4434,#4435);
#3409=VERTEX_POINT('',#4436);
#3410=LINE('',#4437,#4438);
#3411=VERTEX_POINT('',#4439);
#3412=LINE('',#4440,#4441);
#3413=VERTEX_POINT('',#4442);
#3414=LINE('',#4443,#4444);
#3415=VERTEX_POINT('',#4445);
#3416=LINE('',#4446,#4447);
#3417=LINE('',#4448,#4449);
#3418=VERTEX_POINT('',#4450);
#3419=VERTEX_POINT('',#4451);
#3420=LINE('',#4452,#4453);
#3421=VERTEX_POINT('',#4454);
#3422=LINE('',#4455,#4456);
#3423=VERTEX_POINT('',#4457);
#3424=LINE('',#4458,#4459);
#3425=VERTEX_POINT('',#4460);
#3426=LINE('',#4461,#4462);
#3427=LINE('',#4463,#4464);
#3428=VERTEX_POINT('',#4465);
#3429=VERTEX_POINT('',#4466);
#3430=LINE('',#4467,#4468);
#3431=VERTEX_POINT('',#4469);
#3432=LINE('',#4470,#4471);
#3433=VERTEX_POINT('',#4472);
#3434=LINE('',#4473,#4474);
#3435=VERTEX_POINT('',#4475);
#3436=LINE('',#4476,#4477);
#3437=VERTEX_POINT('',#4478);
#3438=LINE('',#4479,#4480);
#3439=LINE('',#4481,#4482);
#3440=VERTEX_POINT('',#4483);
#3441=LINE('',#4484,#4485);
#3442=VERTEX_POINT('',#4486);
#3443=LINE('',#4487,#4488);
#3444=LINE('',#4489,#4490);
#3445=VERTEX_POINT('',#4491);
#3446=LINE('',#4492,#4493);
#3447=LINE('',#4494,#4495);
#3448=VERTEX_POINT('',#4496);
#3449=LINE('',#4497,#4498);
#3450=LINE('',#4499,#4500);
#3451=VERTEX_POINT('',#4501);
#3452=LINE('',#4502,#4503);
#3453=LINE('',#4504,#4505);
#3454=VERTEX_POINT('',#4506);
#3455=LINE('',#4507,#4508);
#3456=LINE('',#4509,#4510);
#3457=LINE('',#4511,#4512);
#3458=VERTEX_POINT('',#4513);
#3459=VERTEX_POINT('',#4514);
#3460=LINE('',#4515,#4516);
#3461=VERTEX_POINT('',#4517);
#3462=LINE('',#4518,#4519);
#3463=VERTEX_POINT('',#4520);
#3464=LINE('',#4521,#4522);
#3465=VERTEX_POINT('',#4523);
#3466=LINE('',#4524,#4525);
#3467=VERTEX_POINT('',#4526);
#3468=LINE('',#4527,#4528);
#3469=LINE('',#4529,#4530);
#3470=LINE('',#4531,#4532);
#3471=LINE('',#4533,#4534);
#3472=LINE('',#4535,#4536);
#3473=LINE('',#4537,#4538);
#3474=LINE('',#4539,#4540);
#3475=LINE('',#4541,#4542);
#3476=LINE('',#4543,#4544);
#3477=LINE('',#4545,#4546);
#3478=LINE('',#4547,#4548);
#3479=LINE('',#4549,#4550);
#3480=LINE('',#4551,#4552);
#3481=LINE('',#4553,#4554);
#3482=CIRCLE('',#4555,0.3);
#3483=VERTEX_POINT('',#4556);
#3484=LINE('',#4557,#4558);
#3485=LINE('',#4559,#4560);
#3486=VERTEX_POINT('',#4561);
#3487=CIRCLE('',#4562,0.3);
#3488=LINE('',#4563,#4564);
#3489=VERTEX_POINT('',#4565);
#3490=LINE('',#4566,#4567);
#3491=LINE('',#4568,#4569);
#3492=VERTEX_POINT('',#4570);
#3493=VERTEX_POINT('',#4571);
#3494=LINE('',#4572,#4573);
#3495=LINE('',#4574,#4575);
#3496=VERTEX_POINT('',#4576);
#3497=LINE('',#4577,#4578);
#3498=VERTEX_POINT('',#4579);
#3499=LINE('',#4580,#4581);
#3500=VERTEX_POINT('',#4582);
#3501=LINE('',#4583,#4584);
#3502=LINE('',#4585,#4586);
#3503=VERTEX_POINT('',#4587);
#3504=VERTEX_POINT('',#4588);
#3505=LINE('',#4589,#4590);
#3506=VERTEX_POINT('',#4591);
#3507=LINE('',#4592,#4593);
#3508=VERTEX_POINT('',#4594);
#3509=LINE('',#4595,#4596);
#3510=LINE('',#4597,#4598);
#3511=VERTEX_POINT('',#4599);
#3512=VERTEX_POINT('',#4600);
#3513=LINE('',#4601,#4602);
#3514=VERTEX_POINT('',#4603);
#3515=LINE('',#4604,#4605);
#3516=VERTEX_POINT('',#4606);
#3517=LINE('',#4607,#4608);
#3518=LINE('',#4609,#4610);
#3519=VERTEX_POINT('',#4611);
#3520=VERTEX_POINT('',#4612);
#3521=LINE('',#4613,#4614);
#3522=VERTEX_POINT('',#4615);
#3523=LINE('',#4616,#4617);
#3524=VERTEX_POINT('',#4618);
#3525=LINE('',#4619,#4620);
#3526=LINE('',#4621,#4622);
#3527=VERTEX_POINT('',#4623);
#3528=VERTEX_POINT('',#4624);
#3529=LINE('',#4625,#4626);
#3530=VERTEX_POINT('',#4627);
#3531=LINE('',#4628,#4629);
#3532=VERTEX_POINT('',#4630);
#3533=LINE('',#4631,#4632);
#3534=LINE('',#4633,#4634);
#3535=VERTEX_POINT('',#4635);
#3536=VERTEX_POINT('',#4636);
#3537=LINE('',#4637,#4638);
#3538=VERTEX_POINT('',#4639);
#3539=LINE('',#4640,#4641);
#3540=VERTEX_POINT('',#4642);
#3541=LINE('',#4643,#4644);
#3542=LINE('',#4645,#4646);
#3543=VERTEX_POINT('',#4647);
#3544=VERTEX_POINT('',#4648);
#3545=LINE('',#4649,#4650);
#3546=VERTEX_POINT('',#4651);
#3547=LINE('',#4652,#4653);
#3548=VERTEX_POINT('',#4654);
#3549=LINE('',#4655,#4656);
#3550=LINE('',#4657,#4658);
#3551=VERTEX_POINT('',#4659);
#3552=VERTEX_POINT('',#4660);
#3553=LINE('',#4661,#4662);
#3554=VERTEX_POINT('',#4663);
#3555=LINE('',#4664,#4665);
#3556=VERTEX_POINT('',#4666);
#3557=LINE('',#4667,#4668);
#3558=LINE('',#4669,#4670);
#3559=VERTEX_POINT('',#4671);
#3560=VERTEX_POINT('',#4672);
#3561=LINE('',#4673,#4674);
#3562=VERTEX_POINT('',#4675);
#3563=LINE('',#4676,#4677);
#3564=VERTEX_POINT('',#4678);
#3565=LINE('',#4679,#4680);
#3566=LINE('',#4681,#4682);
#3567=VERTEX_POINT('',#4683);
#3568=LINE('',#4684,#4685);
#3569=VERTEX_POINT('',#4686);
#3570=LINE('',#4687,#4688);
#3571=LINE('',#4689,#4690);
#3572=VERTEX_POINT('',#4691);
#3573=LINE('',#4692,#4693);
#3574=LINE('',#4694,#4695);
#3575=VERTEX_POINT('',#4696);
#3576=VERTEX_POINT('',#4697);
#3577=LINE('',#4698,#4699);
#3578=VERTEX_POINT('',#4700);
#3579=LINE('',#4701,#4702);
#3580=VERTEX_POINT('',#4703);
#3581=LINE('',#4704,#4705);
#3582=LINE('',#4706,#4707);
#3583=VERTEX_POINT('',#4708);
#3584=VERTEX_POINT('',#4709);
#3585=LINE('',#4710,#4711);
#3586=VERTEX_POINT('',#4712);
#3587=LINE('',#4713,#4714);
#3588=VERTEX_POINT('',#4715);
#3589=LINE('',#4716,#4717);
#3590=LINE('',#4718,#4719);
#3591=VERTEX_POINT('',#4720);
#3592=VERTEX_POINT('',#4721);
#3593=LINE('',#4722,#4723);
#3594=VERTEX_POINT('',#4724);
#3595=CIRCLE('',#4725,0.28);
#3596=B_SPLINE_CURVE_WITH_KNOTS('',3,(#4726,#4727,#4728,#4729,#4730,#4731,#4732,#4733,#4734,#4735,#4736),.UNSPECIFIED.,.F.,.F.,(4,1,1,1,1,1,1,1,4),(0.0,0.125,0.25,0.375,0.5,0.625,0.75,0.875,1.0),.UNSPECIFIED.);
#3597=CIRCLE('',#4737,0.28);
#3598=VERTEX_POINT('',#4738);
#3599=B_SPLINE_CURVE_WITH_KNOTS('',3,(#4739,#4740,#4741,#4742,#4743,#4744,#4745,#4746,#4747,#4748,#4749),.UNSPECIFIED.,.F.,.F.,(4,1,1,1,1,1,1,1,4),(0.0,0.125,0.25,0.375,0.5,0.625,0.75,0.875,1.0),.UNSPECIFIED.);
#3600=VERTEX_POINT('',#4750);
#3601=CIRCLE('',#4751,0.28);
#3602=VERTEX_POINT('',#4752);
#3603=LINE('',#4753,#4754);
#3604=CIRCLE('',#4755,0.28);
#3605=VERTEX_POINT('',#4756);
#3606=LINE('',#4757,#4758);
#3607=VERTEX_POINT('',#4759);
#3608=CIRCLE('',#4760,0.15);
#3609=VERTEX_POINT('',#4761);
#3610=LINE('',#4762,#4763);
#3611=VERTEX_POINT('',#4764);
#3612=LINE('',#4765,#4766);
#3613=VERTEX_POINT('',#4767);
#3614=LINE('',#4768,#4769);
#3615=VERTEX_POINT('',#4770);
#3616=LINE('',#4771,#4772);
#3617=LINE('',#4773,#4774);
#3618=VERTEX_POINT('',#4775);
#3619=LINE('',#4776,#4777);
#3620=LINE('',#4778,#4779);
#3621=VERTEX_POINT('',#4780);
#3622=LINE('',#4781,#4782);
#3623=VERTEX_POINT('',#4783);
#3624=LINE('',#4784,#4785);
#3625=LINE('',#4786,#4787);
#3626=VERTEX_POINT('',#4788);
#3627=LINE('',#4789,#4790);
#3628=VERTEX_POINT('',#4791);
#3629=LINE('',#4792,#4793);
#3630=VERTEX_POINT('',#4794);
#3631=LINE('',#4795,#4796);
#3632=VERTEX_POINT('',#4797);
#3633=LINE('',#4798,#4799);
#3634=VERTEX_POINT('',#4800);
#3635=LINE('',#4801,#4802);
#3636=VERTEX_POINT('',#4803);
#3637=LINE('',#4804,#4805);
#3638=VERTEX_POINT('',#4806);
#3639=LINE('',#4807,#4808);
#3640=VERTEX_POINT('',#4809);
#3641=CIRCLE('',#4810,0.15);
#3642=VERTEX_POINT('',#4811);
#3643=LINE('',#4812,#4813);
#3644=LINE('',#4814,#4815);
#3645=CIRCLE('',#4816,0.25);
#3646=LINE('',#4817,#4818);
#3647=VERTEX_POINT('',#4819);
#3648=VERTEX_POINT('',#4820);
#3649=LINE('',#4821,#4822);
#3650=VERTEX_POINT('',#4823);
#3651=LINE('',#4824,#4825);
#3652=CIRCLE('',#4826,0.25);
#3653=LINE('',#4827,#4828);
#3654=LINE('',#4829,#4830);
#3655=VERTEX_POINT('',#4831);
#3656=VERTEX_POINT('',#4832);
#3657=LINE('',#4833,#4834);
#3658=CIRCLE('',#4835,0.15);
#3659=CIRCLE('',#4836,0.15);
#3660=LINE('',#4837,#4838);
#3661=VERTEX_POINT('',#4839);
#3662=VERTEX_POINT('',#4840);
#3663=LINE('',#4841,#4842);
#3664=LINE('',#4843,#4844);
#3665=LINE('',#4845,#4846);
#3666=VERTEX_POINT('',#4847);
#3667=LINE('',#4848,#4849);
#3668=LINE('',#4850,#4851);
#3669=VERTEX_POINT('',#4852);
#3670=LINE('',#4853,#4854);
#3671=LINE('',#4855,#4856);
#3672=VERTEX_POINT('',#4857);
#3673=LINE('',#4858,#4859);
#3674=LINE('',#4860,#4861);
#3675=LINE('',#4862,#4863);
#3676=VERTEX_POINT('',#4864);
#3677=LINE('',#4865,#4866);
#3678=VERTEX_POINT('',#4867);
#3679=LINE('',#4868,#4869);
#3680=VERTEX_POINT('',#4870);
#3681=LINE('',#4871,#4872);
#3682=VERTEX_POINT('',#4873);
#3683=LINE('',#4874,#4875);
#3684=LINE('',#4876,#4877);
#3685=LINE('',#4878,#4879);
#3686=LINE('',#4880,#4881);
#3687=LINE('',#4882,#4883);
#3688=LINE('',#4884,#4885);
#3689=LINE('',#4886,#4887);
#3690=VERTEX_POINT('',#4888);
#3691=LINE('',#4889,#4890);
#3692=LINE('',#4891,#4892);
#3693=VERTEX_POINT('',#4893);
#3694=VERTEX_POINT('',#4894);
#3695=LINE('',#4895,#4896);
#3696=LINE('',#4897,#4898);
#3697=LINE('',#4899,#4900);
#3698=VERTEX_POINT('',#4901);
#3699=CIRCLE('',#4902,0.29);
#3700=LINE('',#4903,#4904);
#3701=LINE('',#4905,#4906);
#3702=VERTEX_POINT('',#4907);
#3703=LINE('',#4908,#4909);
#3704=VERTEX_POINT('',#4910);
#3705=LINE('',#4911,#4912);
#3706=LINE('',#4913,#4914);
#3707=CIRCLE('',#4915,0.29);
#3708=CIRCLE('',#4916,0.29);
#3709=VERTEX_POINT('',#4917);
#3710=LINE('',#4918,#4919);
#3711=VERTEX_POINT('',#4920);
#3712=LINE('',#4921,#4922);
#3713=LINE('',#4923,#4924);
#3714=VERTEX_POINT('',#4925);
#3715=LINE('',#4926,#4927);
#3716=LINE('',#4928,#4929);
#3717=VERTEX_POINT('',#4930);
#3718=LINE('',#4931,#4932);
#3719=LINE('',#4933,#4934);
#3720=LINE('',#4935,#4936);
#3721=VERTEX_POINT('',#4937);
#3722=VERTEX_POINT('',#4938);
#3723=LINE('',#4939,#4940);
#3724=VERTEX_POINT('',#4941);
#3725=LINE('',#4942,#4943);
#3726=VERTEX_POINT('',#4944);
#3727=LINE('',#4945,#4946);
#3728=LINE('',#4947,#4948);
#3729=LINE('',#4949,#4950);
#3730=LINE('',#4951,#4952);
#3731=LINE('',#4953,#4954);
#3732=LINE('',#4955,#4956);
#3733=VERTEX_POINT('',#4957);
#3734=LINE('',#4958,#4959);
#3735=VERTEX_POINT('',#4960);
#3736=LINE('',#4961,#4962);
#3737=LINE('',#4963,#4964);
#3738=VERTEX_POINT('',#4965);
#3739=LINE('',#4966,#4967);
#3740=LINE('',#4968,#4969);
#3741=VERTEX_POINT('',#4970);
#3742=LINE('',#4971,#4972);
#3743=LINE('',#4973,#4974);
#3744=LINE('',#4975,#4976);
#3745=VERTEX_POINT('',#4977);
#3746=VERTEX_POINT('',#4978);
#3747=LINE('',#4979,#4980);
#3748=VERTEX_POINT('',#4981);
#3749=LINE('',#4982,#4983);
#3750=VERTEX_POINT('',#4984);
#3751=LINE('',#4985,#4986);
#3752=LINE('',#4987,#4988);
#3753=LINE('',#4989,#4990);
#3754=LINE('',#4991,#4992);
#3755=LINE('',#4993,#4994);
#3756=LINE('',#4995,#4996);
#3757=VERTEX_POINT('',#4997);
#3758=LINE('',#4998,#4999);
#3759=VERTEX_POINT('',#5000);
#3760=LINE('',#5001,#5002);
#3761=LINE('',#5003,#5004);
#3762=VERTEX_POINT('',#5005);
#3763=LINE('',#5006,#5007);
#3764=LINE('',#5008,#5009);
#3765=VERTEX_POINT('',#5010);
#3766=LINE('',#5011,#5012);
#3767=LINE('',#5013,#5014);
#3768=LINE('',#5015,#5016);
#3769=VERTEX_POINT('',#5017);
#3770=VERTEX_POINT('',#5018);
#3771=LINE('',#5019,#5020);
#3772=VERTEX_POINT('',#5021);
#3773=LINE('',#5022,#5023);
#3774=VERTEX_POINT('',#5024);
#3775=LINE('',#5025,#5026);
#3776=LINE('',#5027,#5028);
#3777=LINE('',#5029,#5030);
#3778=LINE('',#5031,#5032);
#3779=LINE('',#5033,#5034);
#3780=LINE('',#5035,#5036);
#3781=VERTEX_POINT('',#5037);
#3782=LINE('',#5038,#5039);
#3783=VERTEX_POINT('',#5040);
#3784=LINE('',#5041,#5042);
#3785=LINE('',#5043,#5044);
#3786=VERTEX_POINT('',#5045);
#3787=LINE('',#5046,#5047);
#3788=LINE('',#5048,#5049);
#3789=VERTEX_POINT('',#5050);
#3790=LINE('',#5051,#5052);
#3791=LINE('',#5053,#5054);
#3792=LINE('',#5055,#5056);
#3793=VERTEX_POINT('',#5057);
#3794=VERTEX_POINT('',#5058);
#3795=LINE('',#5059,#5060);
#3796=VERTEX_POINT('',#5061);
#3797=LINE('',#5062,#5063);
#3798=VERTEX_POINT('',#5064);
#3799=LINE('',#5065,#5066);
#3800=LINE('',#5067,#5068);
#3801=LINE('',#5069,#5070);
#3802=LINE('',#5071,#5072);
#3803=LINE('',#5073,#5074);
#3804=LINE('',#5075,#5076);
#3805=CARTESIAN_POINT('',(6.42,-2.98,3.43));
#3806=CARTESIAN_POINT('',(6.42,-2.98,3.83));
#3807=CARTESIAN_POINT('',(6.42,-2.98,3.43));
#3808=VECTOR('',#5077,0.4);
#3809=CARTESIAN_POINT('',(6.42,-3.28,4.13));
#3810=AXIS2_PLACEMENT_3D('',#5078,#5079,#5080);
#3811=CARTESIAN_POINT('',(6.42,-4.0,4.13));
#3812=CARTESIAN_POINT('',(6.42,-3.28,4.13));
#3813=VECTOR('',#5081,0.72);
#3814=CARTESIAN_POINT('',(6.42,-4.0,-4.12));
#3815=CARTESIAN_POINT('',(6.42,-4.0,4.13));
#3816=VECTOR('',#5082,8.25);
#3817=CARTESIAN_POINT('',(6.42,-3.27,-4.12));
#3818=CARTESIAN_POINT('',(6.42,-4.0,-4.12));
#3819=VECTOR('',#5083,0.73);
#3820=CARTESIAN_POINT('',(6.42,-2.98,-3.83));
#3821=AXIS2_PLACEMENT_3D('',#5084,#5085,#5086);
#3822=CARTESIAN_POINT('',(6.42,-2.98,-3.42));
#3823=CARTESIAN_POINT('',(6.42,-2.98,-3.83));
#3824=VECTOR('',#5087,0.41);
#3825=CARTESIAN_POINT('',(6.42,3.65,-3.42));
#3826=CARTESIAN_POINT('',(6.42,-2.98,-3.42));
#3827=VECTOR('',#5088,6.63);
#3828=CARTESIAN_POINT('',(6.42,3.65,3.43));
#3829=CARTESIAN_POINT('',(6.42,3.65,-3.42));
#3830=VECTOR('',#5089,6.85);
#3831=CARTESIAN_POINT('',(6.42,3.65,3.43));
#3832=VECTOR('',#5090,6.63);
#3833=CARTESIAN_POINT('',(-6.43,-2.98,3.43));
#3834=CARTESIAN_POINT('',(-6.43,3.65,3.43));
#3835=CARTESIAN_POINT('',(-6.43,-2.98,3.43));
#3836=VECTOR('',#5091,6.63);
#3837=CARTESIAN_POINT('',(-4.84,-2.98,3.43));
#3838=CARTESIAN_POINT('',(-6.43,-2.98,3.43));
#3839=VECTOR('',#5092,1.59);
#3840=CARTESIAN_POINT('',(-4.84,3.65,3.43));
#3841=CARTESIAN_POINT('',(-4.84,3.65,3.43));
#3842=VECTOR('',#5093,6.63);
#3843=CARTESIAN_POINT('',(-6.43,3.65,3.43));
#3844=VECTOR('',#5094,1.59);
#3845=CARTESIAN_POINT('',(-4.24,3.65,3.43));
#3846=CARTESIAN_POINT('',(-4.24,-2.98,3.43));
#3847=CARTESIAN_POINT('',(-4.24,3.65,3.43));
#3848=VECTOR('',#5095,6.63);
#3849=CARTESIAN_POINT('',(-4.24,-2.98,3.43));
#3850=VECTOR('',#5096,10.66);
#3851=CARTESIAN_POINT('',(-4.24,3.65,3.43));
#3852=VECTOR('',#5097,10.66);
#3853=CARTESIAN_POINT('',(-6.43,3.65,-3.42));
#3854=CARTESIAN_POINT('',(-6.43,3.65,-3.42));
#3855=VECTOR('',#5098,12.85);
#3856=CARTESIAN_POINT('',(-6.43,3.65,3.43));
#3857=VECTOR('',#5099,6.85);
#3858=AXIS2_PLACEMENT_3D('',#5100,#5101,#5102);
#3859=CARTESIAN_POINT('',(-5.7,3.65,-2.7));
#3860=CARTESIAN_POINT('',(-5.7,3.65,-0.3));
#3861=CARTESIAN_POINT('',(-5.7,3.65,-2.7));
#3862=VECTOR('',#5103,2.4);
#3863=CARTESIAN_POINT('',(-3.3,3.65,-2.7));
#3864=CARTESIAN_POINT('',(-3.3,3.65,-2.7));
#3865=VECTOR('',#5104,2.4);
#3866=CARTESIAN_POINT('',(-3.3,3.65,-0.95));
#3867=CARTESIAN_POINT('',(-3.3,3.65,-0.95));
#3868=VECTOR('',#5105,1.75);
#3869=CARTESIAN_POINT('',(-3.95,3.65,-0.3));
#3870=CARTESIAN_POINT('',(-3.95,3.65,-0.3));
#3871=VECTOR('',#5106,0.9192388155425);
#3872=CARTESIAN_POINT('',(-5.7,3.65,-0.3));
#3873=VECTOR('',#5107,1.75);
#3874=CARTESIAN_POINT('',(-5.7,3.65,0.3));
#3875=CARTESIAN_POINT('',(-5.7,3.65,2.7));
#3876=CARTESIAN_POINT('',(-5.7,3.65,0.3));
#3877=VECTOR('',#5108,2.4);
#3878=CARTESIAN_POINT('',(-3.3,3.65,0.3));
#3879=CARTESIAN_POINT('',(-3.3,3.65,0.3));
#3880=VECTOR('',#5109,2.4);
#3881=CARTESIAN_POINT('',(-3.3,3.65,2.05));
#3882=CARTESIAN_POINT('',(-3.3,3.65,2.05));
#3883=VECTOR('',#5110,1.75);
#3884=CARTESIAN_POINT('',(-3.95,3.65,2.7));
#3885=CARTESIAN_POINT('',(-3.95,3.65,2.7));
#3886=VECTOR('',#5111,0.9192388155425);
#3887=CARTESIAN_POINT('',(-5.7,3.65,2.7));
#3888=VECTOR('',#5112,1.75);
#3889=CARTESIAN_POINT('',(-0.3,3.65,0.3));
#3890=CARTESIAN_POINT('',(-2.7,3.65,0.3));
#3891=CARTESIAN_POINT('',(-0.3,3.65,0.3));
#3892=VECTOR('',#5113,2.4);
#3893=CARTESIAN_POINT('',(-0.3,3.65,2.7));
#3894=CARTESIAN_POINT('',(-0.3,3.65,2.7));
#3895=VECTOR('',#5114,2.4);
#3896=CARTESIAN_POINT('',(-2.05,3.65,2.7));
#3897=CARTESIAN_POINT('',(-2.05,3.65,2.7));
#3898=VECTOR('',#5115,1.75);
#3899=CARTESIAN_POINT('',(-2.7,3.65,2.05));
#3900=CARTESIAN_POINT('',(-2.7,3.65,2.05));
#3901=VECTOR('',#5116,0.9192388155425);
#3902=CARTESIAN_POINT('',(-2.7,3.65,0.3));
#3903=VECTOR('',#5117,1.75);
#3904=CARTESIAN_POINT('',(-0.3,3.65,-2.7));
#3905=CARTESIAN_POINT('',(-2.7,3.65,-2.7));
#3906=CARTESIAN_POINT('',(-0.3,3.65,-2.7));
#3907=VECTOR('',#5118,2.4);
#3908=CARTESIAN_POINT('',(-0.3,3.65,-0.3));
#3909=CARTESIAN_POINT('',(-0.3,3.65,-0.3));
#3910=VECTOR('',#5119,2.4);
#3911=CARTESIAN_POINT('',(-2.05,3.65,-0.3));
#3912=CARTESIAN_POINT('',(-2.05,3.65,-0.3));
#3913=VECTOR('',#5120,1.75);
#3914=CARTESIAN_POINT('',(-2.7,3.65,-0.95));
#3915=CARTESIAN_POINT('',(-2.7,3.65,-0.95));
#3916=VECTOR('',#5121,0.9192388155425);
#3917=CARTESIAN_POINT('',(-2.7,3.65,-2.7));
#3918=VECTOR('',#5122,1.75);
#3919=CARTESIAN_POINT('',(0.3,3.65,-2.7));
#3920=CARTESIAN_POINT('',(0.3,3.65,-0.3));
#3921=CARTESIAN_POINT('',(0.3,3.65,-2.7));
#3922=VECTOR('',#5123,2.4);
#3923=CARTESIAN_POINT('',(2.7,3.65,-2.7));
#3924=CARTESIAN_POINT('',(2.7,3.65,-2.7));
#3925=VECTOR('',#5124,2.4);
#3926=CARTESIAN_POINT('',(2.7,3.65,-0.95));
#3927=CARTESIAN_POINT('',(2.7,3.65,-0.95));
#3928=VECTOR('',#5125,1.75);
#3929=CARTESIAN_POINT('',(2.05,3.65,-0.3));
#3930=CARTESIAN_POINT('',(2.05,3.65,-0.3));
#3931=VECTOR('',#5126,0.9192388155425);
#3932=CARTESIAN_POINT('',(0.3,3.65,-0.3));
#3933=VECTOR('',#5127,1.75);
#3934=CARTESIAN_POINT('',(0.3,3.65,0.3));
#3935=CARTESIAN_POINT('',(0.3,3.65,2.7));
#3936=CARTESIAN_POINT('',(0.3,3.65,0.3));
#3937=VECTOR('',#5128,2.4);
#3938=CARTESIAN_POINT('',(2.7,3.65,0.3));
#3939=CARTESIAN_POINT('',(2.7,3.65,0.3));
#3940=VECTOR('',#5129,2.4);
#3941=CARTESIAN_POINT('',(2.7,3.65,2.05));
#3942=CARTESIAN_POINT('',(2.7,3.65,2.05));
#3943=VECTOR('',#5130,1.75);
#3944=CARTESIAN_POINT('',(2.05,3.65,2.7));
#3945=CARTESIAN_POINT('',(2.05,3.65,2.7));
#3946=VECTOR('',#5131,0.9192388155425);
#3947=CARTESIAN_POINT('',(0.3,3.65,2.7));
#3948=VECTOR('',#5132,1.75);
#3949=CARTESIAN_POINT('',(5.7,3.65,0.3));
#3950=CARTESIAN_POINT('',(3.3,3.65,0.3));
#3951=CARTESIAN_POINT('',(5.7,3.65,0.3));
#3952=VECTOR('',#5133,2.4);
#3953=CARTESIAN_POINT('',(5.7,3.65,2.7));
#3954=CARTESIAN_POINT('',(5.7,3.65,2.7));
#3955=VECTOR('',#5134,2.4);
#3956=CARTESIAN_POINT('',(3.95,3.65,2.7));
#3957=CARTESIAN_POINT('',(3.95,3.65,2.7));
#3958=VECTOR('',#5135,1.75);
#3959=CARTESIAN_POINT('',(3.3,3.65,2.05));
#3960=CARTESIAN_POINT('',(3.3,3.65,2.05));
#3961=VECTOR('',#5136,0.9192388155425);
#3962=CARTESIAN_POINT('',(3.3,3.65,0.3));
#3963=VECTOR('',#5137,1.75);
#3964=CARTESIAN_POINT('',(3.3,3.65,-0.3));
#3965=CARTESIAN_POINT('',(5.7,3.65,-0.3));
#3966=CARTESIAN_POINT('',(3.3,3.65,-0.3));
#3967=VECTOR('',#5138,2.4);
#3968=CARTESIAN_POINT('',(3.3,3.65,-2.7));
#3969=CARTESIAN_POINT('',(3.3,3.65,-2.7));
#3970=VECTOR('',#5139,2.4);
#3971=CARTESIAN_POINT('',(5.7,3.65,-2.7));
#3972=CARTESIAN_POINT('',(5.7,3.65,-2.7));
#3973=VECTOR('',#5140,2.4);
#3974=CARTESIAN_POINT('',(5.7,3.65,-0.3));
#3975=VECTOR('',#5141,2.4);
#3976=CARTESIAN_POINT('',(5.7,10.0,-2.7));
#3977=CARTESIAN_POINT('',(5.7,3.65,-2.7));
#3978=VECTOR('',#5142,6.35);
#3979=CARTESIAN_POINT('',(5.7,10.0,-0.3));
#3980=CARTESIAN_POINT('',(5.7,10.0,-0.3));
#3981=VECTOR('',#5143,2.4);
#3982=CARTESIAN_POINT('',(5.7,3.65,-0.3));
#3983=VECTOR('',#5144,6.35);
#3984=CARTESIAN_POINT('',(3.3,10.0,-0.3));
#3985=CARTESIAN_POINT('',(3.3,10.0,-0.3));
#3986=VECTOR('',#5145,2.4);
#3987=CARTESIAN_POINT('',(3.3,3.65,-0.3));
#3988=VECTOR('',#5146,6.35);
#3989=CARTESIAN_POINT('',(3.3,10.0,-2.7));
#3990=CARTESIAN_POINT('',(3.3,10.0,-2.7));
#3991=VECTOR('',#5147,2.4);
#3992=CARTESIAN_POINT('',(3.3,3.65,-2.7));
#3993=VECTOR('',#5148,6.35);
#3994=CARTESIAN_POINT('',(5.7,10.0,-2.7));
#3995=VECTOR('',#5149,2.4);
#3996=CARTESIAN_POINT('',(5.235,10.0,-2.24));
#3997=CARTESIAN_POINT('',(3.765,10.0,-2.24));
#3998=CARTESIAN_POINT('',(5.235,10.0,-2.24));
#3999=VECTOR('',#5150,1.47);
#4000=CARTESIAN_POINT('',(5.235,10.0,-0.99));
#4001=CARTESIAN_POINT('',(5.235,10.0,-0.99));
#4002=VECTOR('',#5151,1.25);
#4003=CARTESIAN_POINT('',(4.985,10.0,-0.74));
#4004=CARTESIAN_POINT('',(4.985,10.0,-0.74));
#4005=VECTOR('',#5152,0.3535533905933);
#4006=CARTESIAN_POINT('',(4.015,10.0,-0.74));
#4007=CARTESIAN_POINT('',(4.015,10.0,-0.74));
#4008=VECTOR('',#5153,0.97);
#4009=CARTESIAN_POINT('',(3.765,10.0,-0.99));
#4010=CARTESIAN_POINT('',(3.765,10.0,-0.99));
#4011=VECTOR('',#5154,0.3535533905933);
#4012=CARTESIAN_POINT('',(3.765,10.0,-2.24));
#4013=VECTOR('',#5155,1.25);
#4014=CARTESIAN_POINT('',(3.95,10.0,2.7));
#4015=CARTESIAN_POINT('',(5.7,10.0,2.7));
#4016=CARTESIAN_POINT('',(3.95,10.0,2.7));
#4017=VECTOR('',#5156,1.75);
#4018=CARTESIAN_POINT('',(5.7,10.0,0.3));
#4019=CARTESIAN_POINT('',(5.7,10.0,2.7));
#4020=VECTOR('',#5157,2.4);
#4021=CARTESIAN_POINT('',(3.3,10.0,0.3));
#4022=CARTESIAN_POINT('',(5.7,10.0,0.3));
#4023=VECTOR('',#5158,2.4);
#4024=CARTESIAN_POINT('',(3.3,10.0,2.05));
#4025=CARTESIAN_POINT('',(3.3,10.0,0.3));
#4026=VECTOR('',#5159,1.75);
#4027=CARTESIAN_POINT('',(3.3,10.0,2.05));
#4028=VECTOR('',#5160,0.9192388155425);
#4029=CARTESIAN_POINT('',(5.235,10.0,0.76));
#4030=CARTESIAN_POINT('',(3.765,10.0,0.76));
#4031=CARTESIAN_POINT('',(5.235,10.0,0.76));
#4032=VECTOR('',#5161,1.47);
#4033=CARTESIAN_POINT('',(5.235,10.0,2.01));
#4034=CARTESIAN_POINT('',(5.235,10.0,2.01));
#4035=VECTOR('',#5162,1.25);
#4036=CARTESIAN_POINT('',(4.985,10.0,2.26));
#4037=CARTESIAN_POINT('',(4.985,10.0,2.26));
#4038=VECTOR('',#5163,0.3535533905933);
#4039=CARTESIAN_POINT('',(4.015,10.0,2.26));
#4040=CARTESIAN_POINT('',(4.015,10.0,2.26));
#4041=VECTOR('',#5164,0.97);
#4042=CARTESIAN_POINT('',(3.765,10.0,2.01));
#4043=CARTESIAN_POINT('',(3.765,10.0,2.01));
#4044=VECTOR('',#5165,0.3535533905933);
#4045=CARTESIAN_POINT('',(3.765,10.0,0.76));
#4046=VECTOR('',#5166,1.25);
#4047=CARTESIAN_POINT('',(3.765,9.0,2.01));
#4048=CARTESIAN_POINT('',(3.765,10.0,2.01));
#4049=VECTOR('',#5167,1.0);
#4050=CARTESIAN_POINT('',(3.765,9.0,0.76));
#4051=CARTESIAN_POINT('',(3.765,9.0,0.76));
#4052=VECTOR('',#5168,1.25);
#4053=CARTESIAN_POINT('',(3.765,10.0,0.76));
#4054=VECTOR('',#5169,1.0);
#4055=CARTESIAN_POINT('',(5.235,9.0,0.76));
#4056=CARTESIAN_POINT('',(5.235,9.0,0.76));
#4057=VECTOR('',#5170,1.47);
#4058=CARTESIAN_POINT('',(5.235,10.0,0.76));
#4059=VECTOR('',#5171,1.0);
#4060=CARTESIAN_POINT('',(5.235,9.0,2.01));
#4061=CARTESIAN_POINT('',(5.235,9.0,2.01));
#4062=VECTOR('',#5172,1.25);
#4063=CARTESIAN_POINT('',(5.235,10.0,2.01));
#4064=VECTOR('',#5173,1.0);
#4065=CARTESIAN_POINT('',(4.985,9.0,2.26));
#4066=CARTESIAN_POINT('',(4.985,9.0,2.26));
#4067=VECTOR('',#5174,0.3535533905933);
#4068=CARTESIAN_POINT('',(4.985,10.0,2.26));
#4069=VECTOR('',#5175,1.0);
#4070=CARTESIAN_POINT('',(4.015,9.0,2.26));
#4071=CARTESIAN_POINT('',(4.015,9.0,2.26));
#4072=VECTOR('',#5176,0.97);
#4073=CARTESIAN_POINT('',(4.015,10.0,2.26));
#4074=VECTOR('',#5177,1.0);
#4075=CARTESIAN_POINT('',(3.765,9.0,2.01));
#4076=VECTOR('',#5178,0.3535533905933);
#4077=CARTESIAN_POINT('',(3.765,9.0,-0.99));
#4078=CARTESIAN_POINT('',(4.015,9.0,-0.74));
#4079=CARTESIAN_POINT('',(3.765,9.0,-0.99));
#4080=VECTOR('',#5179,0.3535533905933);
#4081=CARTESIAN_POINT('',(4.985,9.0,-0.74));
#4082=CARTESIAN_POINT('',(4.015,9.0,-0.74));
#4083=VECTOR('',#5180,0.97);
#4084=CARTESIAN_POINT('',(5.235,9.0,-0.99));
#4085=CARTESIAN_POINT('',(4.985,9.0,-0.74));
#4086=VECTOR('',#5181,0.3535533905933);
#4087=CARTESIAN_POINT('',(5.235,9.0,-2.24));
#4088=CARTESIAN_POINT('',(5.235,9.0,-0.99));
#4089=VECTOR('',#5182,1.25);
#4090=CARTESIAN_POINT('',(3.765,9.0,-2.24));
#4091=CARTESIAN_POINT('',(5.235,9.0,-2.24));
#4092=VECTOR('',#5183,1.47);
#4093=CARTESIAN_POINT('',(3.765,9.0,-2.24));
#4094=VECTOR('',#5184,1.25);
#4095=CARTESIAN_POINT('',(3.765,10.0,-0.99));
#4096=VECTOR('',#5185,1.0);
#4097=CARTESIAN_POINT('',(3.765,10.0,-2.24));
#4098=VECTOR('',#5186,1.0);
#4099=CARTESIAN_POINT('',(5.235,10.0,-2.24));
#4100=VECTOR('',#5187,1.0);
#4101=CARTESIAN_POINT('',(5.235,10.0,-0.99));
#4102=VECTOR('',#5188,1.0);
#4103=CARTESIAN_POINT('',(4.985,10.0,-0.74));
#4104=VECTOR('',#5189,1.0);
#4105=CARTESIAN_POINT('',(4.015,10.0,-0.74));
#4106=VECTOR('',#5190,1.0);
#4107=CARTESIAN_POINT('',(3.95,3.65,2.7));
#4108=VECTOR('',#5191,6.35);
#4109=CARTESIAN_POINT('',(3.3,3.65,2.05));
#4110=VECTOR('',#5192,6.35);
#4111=CARTESIAN_POINT('',(3.3,3.65,0.3));
#4112=VECTOR('',#5193,6.35);
#4113=CARTESIAN_POINT('',(5.7,3.65,0.3));
#4114=VECTOR('',#5194,6.35);
#4115=CARTESIAN_POINT('',(5.7,3.65,2.7));
#4116=VECTOR('',#5195,6.35);
#4117=CARTESIAN_POINT('',(-5.7,10.0,-0.3));
#4118=CARTESIAN_POINT('',(-3.95,10.0,-0.3));
#4119=CARTESIAN_POINT('',(-5.7,10.0,-0.3));
#4120=VECTOR('',#5196,1.75);
#4121=CARTESIAN_POINT('',(-5.7,3.65,-0.3));
#4122=VECTOR('',#5197,6.35);
#4123=CARTESIAN_POINT('',(-3.95,3.65,-0.3));
#4124=VECTOR('',#5198,6.35);
#4125=CARTESIAN_POINT('',(-3.3,10.0,-0.95));
#4126=CARTESIAN_POINT('',(-3.95,10.0,-0.3));
#4127=VECTOR('',#5199,0.9192388155425);
#4128=CARTESIAN_POINT('',(-3.3,3.65,-0.95));
#4129=VECTOR('',#5200,6.35);
#4130=CARTESIAN_POINT('',(-3.3,10.0,-2.7));
#4131=CARTESIAN_POINT('',(-3.3,3.65,-2.7));
#4132=VECTOR('',#5201,6.35);
#4133=CARTESIAN_POINT('',(-3.3,10.0,-0.95));
#4134=VECTOR('',#5202,1.75);
#4135=CARTESIAN_POINT('',(-5.7,10.0,-2.7));
#4136=CARTESIAN_POINT('',(-3.3,10.0,-2.7));
#4137=VECTOR('',#5203,2.4);
#4138=CARTESIAN_POINT('',(-5.7,10.0,-2.7));
#4139=VECTOR('',#5204,2.4);
#4140=CARTESIAN_POINT('',(-3.765,10.0,-2.24));
#4141=CARTESIAN_POINT('',(-5.235,10.0,-2.24));
#4142=CARTESIAN_POINT('',(-3.765,10.0,-2.24));
#4143=VECTOR('',#5205,1.47);
#4144=CARTESIAN_POINT('',(-3.765,10.0,-0.99));
#4145=CARTESIAN_POINT('',(-3.765,10.0,-0.99));
#4146=VECTOR('',#5206,1.25);
#4147=CARTESIAN_POINT('',(-4.015,10.0,-0.74));
#4148=CARTESIAN_POINT('',(-4.015,10.0,-0.74));
#4149=VECTOR('',#5207,0.3535533905933);
#4150=CARTESIAN_POINT('',(-4.985,10.0,-0.74));
#4151=CARTESIAN_POINT('',(-4.985,10.0,-0.74));
#4152=VECTOR('',#5208,0.97);
#4153=CARTESIAN_POINT('',(-5.235,10.0,-0.99));
#4154=CARTESIAN_POINT('',(-5.235,10.0,-0.99));
#4155=VECTOR('',#5209,0.3535533905933);
#4156=CARTESIAN_POINT('',(-5.235,10.0,-2.24));
#4157=VECTOR('',#5210,1.25);
#4158=CARTESIAN_POINT('',(-3.3,10.0,2.05));
#4159=CARTESIAN_POINT('',(-3.3,10.0,0.3));
#4160=CARTESIAN_POINT('',(-3.3,10.0,2.05));
#4161=VECTOR('',#5211,1.75);
#4162=CARTESIAN_POINT('',(-5.7,10.0,0.3));
#4163=CARTESIAN_POINT('',(-3.3,10.0,0.3));
#4164=VECTOR('',#5212,2.4);
#4165=CARTESIAN_POINT('',(-5.7,10.0,2.7));
#4166=CARTESIAN_POINT('',(-5.7,10.0,0.3));
#4167=VECTOR('',#5213,2.4);
#4168=CARTESIAN_POINT('',(-3.95,10.0,2.7));
#4169=CARTESIAN_POINT('',(-5.7,10.0,2.7));
#4170=VECTOR('',#5214,1.75);
#4171=CARTESIAN_POINT('',(-3.95,10.0,2.7));
#4172=VECTOR('',#5215,0.9192388155425);
#4173=CARTESIAN_POINT('',(-3.765,10.0,0.76));
#4174=CARTESIAN_POINT('',(-5.235,10.0,0.76));
#4175=CARTESIAN_POINT('',(-3.765,10.0,0.76));
#4176=VECTOR('',#5216,1.47);
#4177=CARTESIAN_POINT('',(-3.765,10.0,2.01));
#4178=CARTESIAN_POINT('',(-3.765,10.0,2.01));
#4179=VECTOR('',#5217,1.25);
#4180=CARTESIAN_POINT('',(-4.015,10.0,2.26));
#4181=CARTESIAN_POINT('',(-4.015,10.0,2.26));
#4182=VECTOR('',#5218,0.3535533905933);
#4183=CARTESIAN_POINT('',(-4.985,10.0,2.26));
#4184=CARTESIAN_POINT('',(-4.985,10.0,2.26));
#4185=VECTOR('',#5219,0.97);
#4186=CARTESIAN_POINT('',(-5.235,10.0,2.01));
#4187=CARTESIAN_POINT('',(-5.235,10.0,2.01));
#4188=VECTOR('',#5220,0.3535533905933);
#4189=CARTESIAN_POINT('',(-5.235,10.0,0.76));
#4190=VECTOR('',#5221,1.25);
#4191=CARTESIAN_POINT('',(-5.235,9.0,2.01));
#4192=CARTESIAN_POINT('',(-5.235,10.0,2.01));
#4193=VECTOR('',#5222,1.0);
#4194=CARTESIAN_POINT('',(-5.235,9.0,0.76));
#4195=CARTESIAN_POINT('',(-5.235,9.0,0.76));
#4196=VECTOR('',#5223,1.25);
#4197=CARTESIAN_POINT('',(-5.235,10.0,0.76));
#4198=VECTOR('',#5224,1.0);
#4199=CARTESIAN_POINT('',(-3.765,9.0,0.76));
#4200=CARTESIAN_POINT('',(-3.765,9.0,0.76));
#4201=VECTOR('',#5225,1.47);
#4202=CARTESIAN_POINT('',(-3.765,10.0,0.76));
#4203=VECTOR('',#5226,1.0);
#4204=CARTESIAN_POINT('',(-3.765,9.0,2.01));
#4205=CARTESIAN_POINT('',(-3.765,9.0,2.01));
#4206=VECTOR('',#5227,1.25);
#4207=CARTESIAN_POINT('',(-3.765,10.0,2.01));
#4208=VECTOR('',#5228,1.0);
#4209=CARTESIAN_POINT('',(-4.015,9.0,2.26));
#4210=CARTESIAN_POINT('',(-4.015,9.0,2.26));
#4211=VECTOR('',#5229,0.3535533905933);
#4212=CARTESIAN_POINT('',(-4.015,10.0,2.26));
#4213=VECTOR('',#5230,1.0);
#4214=CARTESIAN_POINT('',(-4.985,9.0,2.26));
#4215=CARTESIAN_POINT('',(-4.985,9.0,2.26));
#4216=VECTOR('',#5231,0.97);
#4217=CARTESIAN_POINT('',(-4.985,10.0,2.26));
#4218=VECTOR('',#5232,1.0);
#4219=CARTESIAN_POINT('',(-5.235,9.0,2.01));
#4220=VECTOR('',#5233,0.3535533905933);
#4221=CARTESIAN_POINT('',(-5.235,9.0,-0.99));
#4222=CARTESIAN_POINT('',(-4.985,9.0,-0.74));
#4223=CARTESIAN_POINT('',(-5.235,9.0,-0.99));
#4224=VECTOR('',#5234,0.3535533905933);
#4225=CARTESIAN_POINT('',(-4.015,9.0,-0.74));
#4226=CARTESIAN_POINT('',(-4.985,9.0,-0.74));
#4227=VECTOR('',#5235,0.97);
#4228=CARTESIAN_POINT('',(-3.765,9.0,-0.99));
#4229=CARTESIAN_POINT('',(-4.015,9.0,-0.74));
#4230=VECTOR('',#5236,0.3535533905933);
#4231=CARTESIAN_POINT('',(-3.765,9.0,-2.24));
#4232=CARTESIAN_POINT('',(-3.765,9.0,-0.99));
#4233=VECTOR('',#5237,1.25);
#4234=CARTESIAN_POINT('',(-5.235,9.0,-2.24));
#4235=CARTESIAN_POINT('',(-3.765,9.0,-2.24));
#4236=VECTOR('',#5238,1.47);
#4237=CARTESIAN_POINT('',(-5.235,9.0,-2.24));
#4238=VECTOR('',#5239,1.25);
#4239=CARTESIAN_POINT('',(-5.235,10.0,-0.99));
#4240=VECTOR('',#5240,1.0);
#4241=CARTESIAN_POINT('',(-5.235,10.0,-2.24));
#4242=VECTOR('',#5241,1.0);
#4243=CARTESIAN_POINT('',(-3.765,10.0,-2.24));
#4244=VECTOR('',#5242,1.0);
#4245=CARTESIAN_POINT('',(-3.765,10.0,-0.99));
#4246=VECTOR('',#5243,1.0);
#4247=CARTESIAN_POINT('',(-4.015,10.0,-0.74));
#4248=VECTOR('',#5244,1.0);
#4249=CARTESIAN_POINT('',(-4.985,10.0,-0.74));
#4250=VECTOR('',#5245,1.0);
#4251=CARTESIAN_POINT('',(-5.7,3.65,-2.7));
#4252=VECTOR('',#5246,6.35);
#4253=CARTESIAN_POINT('',(-3.95,3.65,2.7));
#4254=VECTOR('',#5247,6.35);
#4255=CARTESIAN_POINT('',(-3.3,3.65,2.05));
#4256=VECTOR('',#5248,6.35);
#4257=CARTESIAN_POINT('',(-3.3,3.65,0.3));
#4258=VECTOR('',#5249,6.35);
#4259=CARTESIAN_POINT('',(-5.7,3.65,0.3));
#4260=VECTOR('',#5250,6.35);
#4261=CARTESIAN_POINT('',(-5.7,3.65,2.7));
#4262=VECTOR('',#5251,6.35);
#4263=CARTESIAN_POINT('',(-2.7,10.0,0.3));
#4264=CARTESIAN_POINT('',(-2.7,10.0,2.05));
#4265=CARTESIAN_POINT('',(-2.7,10.0,0.3));
#4266=VECTOR('',#5252,1.75);
#4267=CARTESIAN_POINT('',(-2.7,3.65,0.3));
#4268=VECTOR('',#5253,6.35);
#4269=CARTESIAN_POINT('',(-2.7,3.65,2.05));
#4270=VECTOR('',#5254,6.35);
#4271=CARTESIAN_POINT('',(-2.05,10.0,2.7));
#4272=CARTESIAN_POINT('',(-2.05,3.65,2.7));
#4273=VECTOR('',#5255,6.35);
#4274=CARTESIAN_POINT('',(-2.7,10.0,2.05));
#4275=VECTOR('',#5256,0.9192388155425);
#4276=CARTESIAN_POINT('',(-2.05,10.0,-0.3));
#4277=CARTESIAN_POINT('',(-0.3,10.0,-0.3));
#4278=CARTESIAN_POINT('',(-2.05,10.0,-0.3));
#4279=VECTOR('',#5257,1.75);
#4280=CARTESIAN_POINT('',(-0.3,10.0,-2.7));
#4281=CARTESIAN_POINT('',(-0.3,10.0,-0.3));
#4282=VECTOR('',#5258,2.4);
#4283=CARTESIAN_POINT('',(-2.7,10.0,-2.7));
#4284=CARTESIAN_POINT('',(-0.3,10.0,-2.7));
#4285=VECTOR('',#5259,2.4);
#4286=CARTESIAN_POINT('',(-2.7,10.0,-0.95));
#4287=CARTESIAN_POINT('',(-2.7,10.0,-2.7));
#4288=VECTOR('',#5260,1.75);
#4289=CARTESIAN_POINT('',(-2.7,10.0,-0.95));
#4290=VECTOR('',#5261,0.9192388155425);
#4291=CARTESIAN_POINT('',(-0.765,10.0,-2.24));
#4292=CARTESIAN_POINT('',(-2.235,10.0,-2.24));
#4293=CARTESIAN_POINT('',(-0.765,10.0,-2.24));
#4294=VECTOR('',#5262,1.47);
#4295=CARTESIAN_POINT('',(-0.765,10.0,-0.99));
#4296=CARTESIAN_POINT('',(-0.765,10.0,-0.99));
#4297=VECTOR('',#5263,1.25);
#4298=CARTESIAN_POINT('',(-1.015,10.0,-0.74));
#4299=CARTESIAN_POINT('',(-1.015,10.0,-0.74));
#4300=VECTOR('',#5264,0.3535533905933);
#4301=CARTESIAN_POINT('',(-1.985,10.0,-0.74));
#4302=CARTESIAN_POINT('',(-1.985,10.0,-0.74));
#4303=VECTOR('',#5265,0.97);
#4304=CARTESIAN_POINT('',(-2.235,10.0,-0.99));
#4305=CARTESIAN_POINT('',(-2.235,10.0,-0.99));
#4306=VECTOR('',#5266,0.3535533905933);
#4307=CARTESIAN_POINT('',(-2.235,10.0,-2.24));
#4308=VECTOR('',#5267,1.25);
#4309=CARTESIAN_POINT('',(-0.3,10.0,2.7));
#4310=CARTESIAN_POINT('',(-2.05,10.0,2.7));
#4311=VECTOR('',#5268,1.75);
#4312=CARTESIAN_POINT('',(-0.3,10.0,0.3));
#4313=CARTESIAN_POINT('',(-0.3,10.0,2.7));
#4314=VECTOR('',#5269,2.4);
#4315=CARTESIAN_POINT('',(-0.3,10.0,0.3));
#4316=VECTOR('',#5270,2.4);
#4317=CARTESIAN_POINT('',(-0.765,10.0,0.76));
#4318=CARTESIAN_POINT('',(-2.235,10.0,0.76));
#4319=CARTESIAN_POINT('',(-0.765,10.0,0.76));
#4320=VECTOR('',#5271,1.47);
#4321=CARTESIAN_POINT('',(-0.765,10.0,2.01));
#4322=CARTESIAN_POINT('',(-0.765,10.0,2.01));
#4323=VECTOR('',#5272,1.25);
#4324=CARTESIAN_POINT('',(-1.015,10.0,2.26));
#4325=CARTESIAN_POINT('',(-1.015,10.0,2.26));
#4326=VECTOR('',#5273,0.3535533905933);
#4327=CARTESIAN_POINT('',(-1.985,10.0,2.26));
#4328=CARTESIAN_POINT('',(-1.985,10.0,2.26));
#4329=VECTOR('',#5274,0.97);
#4330=CARTESIAN_POINT('',(-2.235,10.0,2.01));
#4331=CARTESIAN_POINT('',(-2.235,10.0,2.01));
#4332=VECTOR('',#5275,0.3535533905933);
#4333=CARTESIAN_POINT('',(-2.235,10.0,0.76));
#4334=VECTOR('',#5276,1.25);
#4335=CARTESIAN_POINT('',(-2.235,9.0,2.01));
#4336=CARTESIAN_POINT('',(-2.235,10.0,2.01));
#4337=VECTOR('',#5277,1.0);
#4338=CARTESIAN_POINT('',(-2.235,9.0,0.76));
#4339=CARTESIAN_POINT('',(-2.235,9.0,0.76));
#4340=VECTOR('',#5278,1.25);
#4341=CARTESIAN_POINT('',(-2.235,10.0,0.76));
#4342=VECTOR('',#5279,1.0);
#4343=CARTESIAN_POINT('',(-0.765,9.0,0.76));
#4344=CARTESIAN_POINT('',(-0.765,9.0,0.76));
#4345=VECTOR('',#5280,1.47);
#4346=CARTESIAN_POINT('',(-0.765,10.0,0.76));
#4347=VECTOR('',#5281,1.0);
#4348=CARTESIAN_POINT('',(-0.765,9.0,2.01));
#4349=CARTESIAN_POINT('',(-0.765,9.0,2.01));
#4350=VECTOR('',#5282,1.25);
#4351=CARTESIAN_POINT('',(-0.765,10.0,2.01));
#4352=VECTOR('',#5283,1.0);
#4353=CARTESIAN_POINT('',(-1.015,9.0,2.26));
#4354=CARTESIAN_POINT('',(-1.015,9.0,2.26));
#4355=VECTOR('',#5284,0.3535533905933);
#4356=CARTESIAN_POINT('',(-1.015,10.0,2.26));
#4357=VECTOR('',#5285,1.0);
#4358=CARTESIAN_POINT('',(-1.985,9.0,2.26));
#4359=CARTESIAN_POINT('',(-1.985,9.0,2.26));
#4360=VECTOR('',#5286,0.97);
#4361=CARTESIAN_POINT('',(-1.985,10.0,2.26));
#4362=VECTOR('',#5287,1.0);
#4363=CARTESIAN_POINT('',(-2.235,9.0,2.01));
#4364=VECTOR('',#5288,0.3535533905933);
#4365=CARTESIAN_POINT('',(-2.235,9.0,-0.99));
#4366=CARTESIAN_POINT('',(-1.985,9.0,-0.74));
#4367=CARTESIAN_POINT('',(-2.235,9.0,-0.99));
#4368=VECTOR('',#5289,0.3535533905933);
#4369=CARTESIAN_POINT('',(-1.015,9.0,-0.74));
#4370=CARTESIAN_POINT('',(-1.985,9.0,-0.74));
#4371=VECTOR('',#5290,0.97);
#4372=CARTESIAN_POINT('',(-0.765,9.0,-0.99));
#4373=CARTESIAN_POINT('',(-1.015,9.0,-0.74));
#4374=VECTOR('',#5291,0.3535533905933);
#4375=CARTESIAN_POINT('',(-0.765,9.0,-2.24));
#4376=CARTESIAN_POINT('',(-0.765,9.0,-0.99));
#4377=VECTOR('',#5292,1.25);
#4378=CARTESIAN_POINT('',(-2.235,9.0,-2.24));
#4379=CARTESIAN_POINT('',(-0.765,9.0,-2.24));
#4380=VECTOR('',#5293,1.47);
#4381=CARTESIAN_POINT('',(-2.235,9.0,-2.24));
#4382=VECTOR('',#5294,1.25);
#4383=CARTESIAN_POINT('',(-2.235,10.0,-0.99));
#4384=VECTOR('',#5295,1.0);
#4385=CARTESIAN_POINT('',(-2.235,10.0,-2.24));
#4386=VECTOR('',#5296,1.0);
#4387=CARTESIAN_POINT('',(-0.765,10.0,-2.24));
#4388=VECTOR('',#5297,1.0);
#4389=CARTESIAN_POINT('',(-0.765,10.0,-0.99));
#4390=VECTOR('',#5298,1.0);
#4391=CARTESIAN_POINT('',(-1.015,10.0,-0.74));
#4392=VECTOR('',#5299,1.0);
#4393=CARTESIAN_POINT('',(-1.985,10.0,-0.74));
#4394=VECTOR('',#5300,1.0);
#4395=CARTESIAN_POINT('',(-2.05,3.65,-0.3));
#4396=VECTOR('',#5301,6.35);
#4397=CARTESIAN_POINT('',(-2.7,3.65,-0.95));
#4398=VECTOR('',#5302,6.35);
#4399=CARTESIAN_POINT('',(-2.7,3.65,-2.7));
#4400=VECTOR('',#5303,6.35);
#4401=CARTESIAN_POINT('',(-0.3,3.65,-2.7));
#4402=VECTOR('',#5304,6.35);
#4403=CARTESIAN_POINT('',(-0.3,3.65,-0.3));
#4404=VECTOR('',#5305,6.35);
#4405=CARTESIAN_POINT('',(-0.3,3.65,0.3));
#4406=VECTOR('',#5306,6.35);
#4407=CARTESIAN_POINT('',(-0.3,3.65,2.7));
#4408=VECTOR('',#5307,6.35);
#4409=CARTESIAN_POINT('',(0.3,10.0,-0.3));
#4410=CARTESIAN_POINT('',(2.05,10.0,-0.3));
#4411=CARTESIAN_POINT('',(0.3,10.0,-0.3));
#4412=VECTOR('',#5308,1.75);
#4413=CARTESIAN_POINT('',(0.3,3.65,-0.3));
#4414=VECTOR('',#5309,6.35);
#4415=CARTESIAN_POINT('',(2.05,3.65,-0.3));
#4416=VECTOR('',#5310,6.35);
#4417=CARTESIAN_POINT('',(2.7,10.0,-0.95));
#4418=CARTESIAN_POINT('',(2.05,10.0,-0.3));
#4419=VECTOR('',#5311,0.9192388155425);
#4420=CARTESIAN_POINT('',(2.7,3.65,-0.95));
#4421=VECTOR('',#5312,6.35);
#4422=CARTESIAN_POINT('',(2.7,10.0,-2.7));
#4423=CARTESIAN_POINT('',(2.7,3.65,-2.7));
#4424=VECTOR('',#5313,6.35);
#4425=CARTESIAN_POINT('',(2.7,10.0,-0.95));
#4426=VECTOR('',#5314,1.75);
#4427=CARTESIAN_POINT('',(0.3,10.0,-2.7));
#4428=CARTESIAN_POINT('',(2.7,10.0,-2.7));
#4429=VECTOR('',#5315,2.4);
#4430=CARTESIAN_POINT('',(0.3,10.0,-2.7));
#4431=VECTOR('',#5316,2.4);
#4432=CARTESIAN_POINT('',(2.235,10.0,-2.24));
#4433=CARTESIAN_POINT('',(0.765,10.0,-2.24));
#4434=CARTESIAN_POINT('',(2.235,10.0,-2.24));
#4435=VECTOR('',#5317,1.47);
#4436=CARTESIAN_POINT('',(2.235,10.0,-0.99));
#4437=CARTESIAN_POINT('',(2.235,10.0,-0.99));
#4438=VECTOR('',#5318,1.25);
#4439=CARTESIAN_POINT('',(1.985,10.0,-0.74));
#4440=CARTESIAN_POINT('',(1.985,10.0,-0.74));
#4441=VECTOR('',#5319,0.3535533905933);
#4442=CARTESIAN_POINT('',(1.015,10.0,-0.74));
#4443=CARTESIAN_POINT('',(1.015,10.0,-0.74));
#4444=VECTOR('',#5320,0.97);
#4445=CARTESIAN_POINT('',(0.765,10.0,-0.99));
#4446=CARTESIAN_POINT('',(0.765,10.0,-0.99));
#4447=VECTOR('',#5321,0.3535533905933);
#4448=CARTESIAN_POINT('',(0.765,10.0,-2.24));
#4449=VECTOR('',#5322,1.25);
#4450=CARTESIAN_POINT('',(2.7,10.0,2.05));
#4451=CARTESIAN_POINT('',(2.7,10.0,0.3));
#4452=CARTESIAN_POINT('',(2.7,10.0,2.05));
#4453=VECTOR('',#5323,1.75);
#4454=CARTESIAN_POINT('',(0.3,10.0,0.3));
#4455=CARTESIAN_POINT('',(2.7,10.0,0.3));
#4456=VECTOR('',#5324,2.4);
#4457=CARTESIAN_POINT('',(0.3,10.0,2.7));
#4458=CARTESIAN_POINT('',(0.3,10.0,0.3));
#4459=VECTOR('',#5325,2.4);
#4460=CARTESIAN_POINT('',(2.05,10.0,2.7));
#4461=CARTESIAN_POINT('',(0.3,10.0,2.7));
#4462=VECTOR('',#5326,1.75);
#4463=CARTESIAN_POINT('',(2.05,10.0,2.7));
#4464=VECTOR('',#5327,0.9192388155425);
#4465=CARTESIAN_POINT('',(2.235,10.0,0.76));
#4466=CARTESIAN_POINT('',(0.765,10.0,0.76));
#4467=CARTESIAN_POINT('',(2.235,10.0,0.76));
#4468=VECTOR('',#5328,1.47);
#4469=CARTESIAN_POINT('',(2.235,10.0,2.01));
#4470=CARTESIAN_POINT('',(2.235,10.0,2.01));
#4471=VECTOR('',#5329,1.25);
#4472=CARTESIAN_POINT('',(1.985,10.0,2.26));
#4473=CARTESIAN_POINT('',(1.985,10.0,2.26));
#4474=VECTOR('',#5330,0.3535533905933);
#4475=CARTESIAN_POINT('',(1.015,10.0,2.26));
#4476=CARTESIAN_POINT('',(1.015,10.0,2.26));
#4477=VECTOR('',#5331,0.97);
#4478=CARTESIAN_POINT('',(0.765,10.0,2.01));
#4479=CARTESIAN_POINT('',(0.765,10.0,2.01));
#4480=VECTOR('',#5332,0.3535533905933);
#4481=CARTESIAN_POINT('',(0.765,10.0,0.76));
#4482=VECTOR('',#5333,1.25);
#4483=CARTESIAN_POINT('',(0.765,9.0,2.01));
#4484=CARTESIAN_POINT('',(0.765,10.0,2.01));
#4485=VECTOR('',#5334,1.0);
#4486=CARTESIAN_POINT('',(0.765,9.0,0.76));
#4487=CARTESIAN_POINT('',(0.765,9.0,0.76));
#4488=VECTOR('',#5335,1.25);
#4489=CARTESIAN_POINT('',(0.765,10.0,0.76));
#4490=VECTOR('',#5336,1.0);
#4491=CARTESIAN_POINT('',(2.235,9.0,0.76));
#4492=CARTESIAN_POINT('',(2.235,9.0,0.76));
#4493=VECTOR('',#5337,1.47);
#4494=CARTESIAN_POINT('',(2.235,10.0,0.76));
#4495=VECTOR('',#5338,1.0);
#4496=CARTESIAN_POINT('',(2.235,9.0,2.01));
#4497=CARTESIAN_POINT('',(2.235,9.0,2.01));
#4498=VECTOR('',#5339,1.25);
#4499=CARTESIAN_POINT('',(2.235,10.0,2.01));
#4500=VECTOR('',#5340,1.0);
#4501=CARTESIAN_POINT('',(1.985,9.0,2.26));
#4502=CARTESIAN_POINT('',(1.985,9.0,2.26));
#4503=VECTOR('',#5341,0.3535533905933);
#4504=CARTESIAN_POINT('',(1.985,10.0,2.26));
#4505=VECTOR('',#5342,1.0);
#4506=CARTESIAN_POINT('',(1.015,9.0,2.26));
#4507=CARTESIAN_POINT('',(1.015,9.0,2.26));
#4508=VECTOR('',#5343,0.97);
#4509=CARTESIAN_POINT('',(1.015,10.0,2.26));
#4510=VECTOR('',#5344,1.0);
#4511=CARTESIAN_POINT('',(0.765,9.0,2.01));
#4512=VECTOR('',#5345,0.3535533905933);
#4513=CARTESIAN_POINT('',(0.765,9.0,-0.99));
#4514=CARTESIAN_POINT('',(1.015,9.0,-0.74));
#4515=CARTESIAN_POINT('',(0.765,9.0,-0.99));
#4516=VECTOR('',#5346,0.3535533905933);
#4517=CARTESIAN_POINT('',(1.985,9.0,-0.74));
#4518=CARTESIAN_POINT('',(1.015,9.0,-0.74));
#4519=VECTOR('',#5347,0.97);
#4520=CARTESIAN_POINT('',(2.235,9.0,-0.99));
#4521=CARTESIAN_POINT('',(1.985,9.0,-0.74));
#4522=VECTOR('',#5348,0.3535533905933);
#4523=CARTESIAN_POINT('',(2.235,9.0,-2.24));
#4524=CARTESIAN_POINT('',(2.235,9.0,-0.99));
#4525=VECTOR('',#5349,1.25);
#4526=CARTESIAN_POINT('',(0.765,9.0,-2.24));
#4527=CARTESIAN_POINT('',(2.235,9.0,-2.24));
#4528=VECTOR('',#5350,1.47);
#4529=CARTESIAN_POINT('',(0.765,9.0,-2.24));
#4530=VECTOR('',#5351,1.25);
#4531=CARTESIAN_POINT('',(0.765,10.0,-0.99));
#4532=VECTOR('',#5352,1.0);
#4533=CARTESIAN_POINT('',(0.765,10.0,-2.24));
#4534=VECTOR('',#5353,1.0);
#4535=CARTESIAN_POINT('',(2.235,10.0,-2.24));
#4536=VECTOR('',#5354,1.0);
#4537=CARTESIAN_POINT('',(2.235,10.0,-0.99));
#4538=VECTOR('',#5355,1.0);
#4539=CARTESIAN_POINT('',(1.985,10.0,-0.74));
#4540=VECTOR('',#5356,1.0);
#4541=CARTESIAN_POINT('',(1.015,10.0,-0.74));
#4542=VECTOR('',#5357,1.0);
#4543=CARTESIAN_POINT('',(0.3,3.65,-2.7));
#4544=VECTOR('',#5358,6.35);
#4545=CARTESIAN_POINT('',(2.05,3.65,2.7));
#4546=VECTOR('',#5359,6.35);
#4547=CARTESIAN_POINT('',(2.7,3.65,2.05));
#4548=VECTOR('',#5360,6.35);
#4549=CARTESIAN_POINT('',(2.7,3.65,0.3));
#4550=VECTOR('',#5361,6.35);
#4551=CARTESIAN_POINT('',(0.3,3.65,0.3));
#4552=VECTOR('',#5362,6.35);
#4553=CARTESIAN_POINT('',(0.3,3.65,2.7));
#4554=VECTOR('',#5363,6.35);
#4555=AXIS2_PLACEMENT_3D('',#5364,#5365,#5366);
#4556=CARTESIAN_POINT('',(-6.43,-2.98,3.83));
#4557=CARTESIAN_POINT('',(-6.43,-2.98,3.83));
#4558=VECTOR('',#5367,0.4);
#4559=CARTESIAN_POINT('',(-6.43,-2.98,3.83));
#4560=VECTOR('',#5368,12.85);
#4561=CARTESIAN_POINT('',(-6.43,-3.28,4.13));
#4562=AXIS2_PLACEMENT_3D('',#5369,#5370,#5371);
#4563=CARTESIAN_POINT('',(-6.43,-3.28,4.13));
#4564=VECTOR('',#5372,12.85);
#4565=CARTESIAN_POINT('',(-6.43,-4.0,4.13));
#4566=CARTESIAN_POINT('',(-6.43,-4.0,4.13));
#4567=VECTOR('',#5373,0.72);
#4568=CARTESIAN_POINT('',(-6.43,-4.0,4.13));
#4569=VECTOR('',#5374,12.85);
#4570=CARTESIAN_POINT('',(2.63,-4.0,-3.42));
#4571=CARTESIAN_POINT('',(2.63,-4.0,-4.12));
#4572=CARTESIAN_POINT('',(2.63,-4.0,-3.42));
#4573=VECTOR('',#5375,0.7);
#4574=CARTESIAN_POINT('',(2.63,-4.0,-4.12));
#4575=VECTOR('',#5376,3.79);
#4576=CARTESIAN_POINT('',(-6.43,-4.0,-4.12));
#4577=CARTESIAN_POINT('',(-6.43,-4.0,-4.12));
#4578=VECTOR('',#5377,8.25);
#4579=CARTESIAN_POINT('',(-2.63,-4.0,-4.12));
#4580=CARTESIAN_POINT('',(-6.43,-4.0,-4.12));
#4581=VECTOR('',#5378,3.8);
#4582=CARTESIAN_POINT('',(-2.63,-4.0,-3.42));
#4583=CARTESIAN_POINT('',(-2.63,-4.0,-3.42));
#4584=VECTOR('',#5379,0.7);
#4585=CARTESIAN_POINT('',(-2.63,-4.0,-3.42));
#4586=VECTOR('',#5380,5.26);
#4587=CARTESIAN_POINT('',(-5.745,-4.0,-2.62));
#4588=CARTESIAN_POINT('',(-3.255,-4.0,-2.62));
#4589=CARTESIAN_POINT('',(-5.745,-4.0,-2.62));
#4590=VECTOR('',#5381,2.49);
#4591=CARTESIAN_POINT('',(-5.745,-4.0,-0.13));
#4592=CARTESIAN_POINT('',(-5.745,-4.0,-0.13));
#4593=VECTOR('',#5382,2.49);
#4594=CARTESIAN_POINT('',(-3.255,-4.0,-0.13));
#4595=CARTESIAN_POINT('',(-3.255,-4.0,-0.13));
#4596=VECTOR('',#5383,2.49);
#4597=CARTESIAN_POINT('',(-3.255,-4.0,-2.62));
#4598=VECTOR('',#5384,2.49);
#4599=CARTESIAN_POINT('',(-5.745,-4.0,0.38));
#4600=CARTESIAN_POINT('',(-3.255,-4.0,0.38));
#4601=CARTESIAN_POINT('',(-5.745,-4.0,0.38));
#4602=VECTOR('',#5385,2.49);
#4603=CARTESIAN_POINT('',(-5.745,-4.0,2.87));
#4604=CARTESIAN_POINT('',(-5.745,-4.0,2.87));
#4605=VECTOR('',#5386,2.49);
#4606=CARTESIAN_POINT('',(-3.255,-4.0,2.87));
#4607=CARTESIAN_POINT('',(-3.255,-4.0,2.87));
#4608=VECTOR('',#5387,2.49);
#4609=CARTESIAN_POINT('',(-3.255,-4.0,0.38));
#4610=VECTOR('',#5388,2.49);
#4611=CARTESIAN_POINT('',(-2.745,-4.0,-2.62));
#4612=CARTESIAN_POINT('',(-0.255,-4.0,-2.62));
#4613=CARTESIAN_POINT('',(-2.745,-4.0,-2.62));
#4614=VECTOR('',#5389,2.49);
#4615=CARTESIAN_POINT('',(-2.745,-4.0,-0.13));
#4616=CARTESIAN_POINT('',(-2.745,-4.0,-0.13));
#4617=VECTOR('',#5390,2.49);
#4618=CARTESIAN_POINT('',(-0.255,-4.0,-0.13));
#4619=CARTESIAN_POINT('',(-0.255,-4.0,-0.13));
#4620=VECTOR('',#5391,2.49);
#4621=CARTESIAN_POINT('',(-0.255,-4.0,-2.62));
#4622=VECTOR('',#5392,2.49);
#4623=CARTESIAN_POINT('',(-2.745,-4.0,0.38));
#4624=CARTESIAN_POINT('',(-0.255,-4.0,0.38));
#4625=CARTESIAN_POINT('',(-2.745,-4.0,0.38));
#4626=VECTOR('',#5393,2.49);
#4627=CARTESIAN_POINT('',(-2.745,-4.0,2.87));
#4628=CARTESIAN_POINT('',(-2.745,-4.0,2.87));
#4629=VECTOR('',#5394,2.49);
#4630=CARTESIAN_POINT('',(-0.255,-4.0,2.87));
#4631=CARTESIAN_POINT('',(-0.255,-4.0,2.87));
#4632=VECTOR('',#5395,2.49);
#4633=CARTESIAN_POINT('',(-0.255,-4.0,0.38));
#4634=VECTOR('',#5396,2.49);
#4635=CARTESIAN_POINT('',(0.255,-4.0,-2.62));
#4636=CARTESIAN_POINT('',(2.745,-4.0,-2.62));
#4637=CARTESIAN_POINT('',(0.255,-4.0,-2.62));
#4638=VECTOR('',#5397,2.49);
#4639=CARTESIAN_POINT('',(0.255,-4.0,-0.13));
#4640=CARTESIAN_POINT('',(0.255,-4.0,-0.13));
#4641=VECTOR('',#5398,2.49);
#4642=CARTESIAN_POINT('',(2.745,-4.0,-0.13));
#4643=CARTESIAN_POINT('',(2.745,-4.0,-0.13));
#4644=VECTOR('',#5399,2.49);
#4645=CARTESIAN_POINT('',(2.745,-4.0,-2.62));
#4646=VECTOR('',#5400,2.49);
#4647=CARTESIAN_POINT('',(0.255,-4.0,0.38));
#4648=CARTESIAN_POINT('',(2.745,-4.0,0.38));
#4649=CARTESIAN_POINT('',(0.255,-4.0,0.38));
#4650=VECTOR('',#5401,2.49);
#4651=CARTESIAN_POINT('',(0.255,-4.0,2.87));
#4652=CARTESIAN_POINT('',(0.255,-4.0,2.87));
#4653=VECTOR('',#5402,2.49);
#4654=CARTESIAN_POINT('',(2.745,-4.0,2.87));
#4655=CARTESIAN_POINT('',(2.745,-4.0,2.87));
#4656=VECTOR('',#5403,2.49);
#4657=CARTESIAN_POINT('',(2.745,-4.0,0.38));
#4658=VECTOR('',#5404,2.49);
#4659=CARTESIAN_POINT('',(3.255,-4.0,-2.62));
#4660=CARTESIAN_POINT('',(5.745,-4.0,-2.62));
#4661=CARTESIAN_POINT('',(3.255,-4.0,-2.62));
#4662=VECTOR('',#5405,2.49);
#4663=CARTESIAN_POINT('',(3.255,-4.0,-0.13));
#4664=CARTESIAN_POINT('',(3.255,-4.0,-0.13));
#4665=VECTOR('',#5406,2.49);
#4666=CARTESIAN_POINT('',(5.745,-4.0,-0.13));
#4667=CARTESIAN_POINT('',(5.745,-4.0,-0.13));
#4668=VECTOR('',#5407,2.49);
#4669=CARTESIAN_POINT('',(5.745,-4.0,-2.62));
#4670=VECTOR('',#5408,2.49);
#4671=CARTESIAN_POINT('',(3.255,-4.0,0.38));
#4672=CARTESIAN_POINT('',(5.745,-4.0,0.38));
#4673=CARTESIAN_POINT('',(3.255,-4.0,0.38));
#4674=VECTOR('',#5409,2.49);
#4675=CARTESIAN_POINT('',(3.255,-4.0,2.87));
#4676=CARTESIAN_POINT('',(3.255,-4.0,2.87));
#4677=VECTOR('',#5410,2.49);
#4678=CARTESIAN_POINT('',(5.745,-4.0,2.87));
#4679=CARTESIAN_POINT('',(5.745,-4.0,2.87));
#4680=VECTOR('',#5411,2.49);
#4681=CARTESIAN_POINT('',(5.745,-4.0,0.38));
#4682=VECTOR('',#5412,2.49);
#4683=CARTESIAN_POINT('',(-6.43,-2.98,-3.42));
#4684=CARTESIAN_POINT('',(-6.43,3.65,-3.42));
#4685=VECTOR('',#5413,6.63);
#4686=CARTESIAN_POINT('',(2.63,-2.98,-3.42));
#4687=CARTESIAN_POINT('',(2.63,-2.98,-3.42));
#4688=VECTOR('',#5414,3.79);
#4689=CARTESIAN_POINT('',(2.63,-2.98,-3.42));
#4690=VECTOR('',#5415,1.02);
#4691=CARTESIAN_POINT('',(-2.63,-2.98,-3.42));
#4692=CARTESIAN_POINT('',(-2.63,-4.0,-3.42));
#4693=VECTOR('',#5416,1.02);
#4694=CARTESIAN_POINT('',(-6.43,-2.98,-3.42));
#4695=VECTOR('',#5417,3.8);
#4696=CARTESIAN_POINT('',(-2.18,1.55,-3.42));
#4697=CARTESIAN_POINT('',(-2.18,2.98,-3.42));
#4698=CARTESIAN_POINT('',(-2.18,1.55,-3.42));
#4699=VECTOR('',#5418,1.43);
#4700=CARTESIAN_POINT('',(-0.825,1.55,-3.42));
#4701=CARTESIAN_POINT('',(-2.18,1.55,-3.42));
#4702=VECTOR('',#5419,1.355);
#4703=CARTESIAN_POINT('',(-0.825,2.98,-3.42));
#4704=CARTESIAN_POINT('',(-0.825,2.98,-3.42));
#4705=VECTOR('',#5420,1.43);
#4706=CARTESIAN_POINT('',(-0.825,2.98,-3.42));
#4707=VECTOR('',#5421,1.355);
#4708=CARTESIAN_POINT('',(2.18,2.98,-3.42));
#4709=CARTESIAN_POINT('',(2.18,1.55,-3.42));
#4710=CARTESIAN_POINT('',(2.18,2.98,-3.42));
#4711=VECTOR('',#5422,1.43);
#4712=CARTESIAN_POINT('',(0.825,2.98,-3.42));
#4713=CARTESIAN_POINT('',(2.18,2.98,-3.42));
#4714=VECTOR('',#5423,1.355);
#4715=CARTESIAN_POINT('',(0.825,1.55,-3.42));
#4716=CARTESIAN_POINT('',(0.825,2.98,-3.42));
#4717=VECTOR('',#5424,1.43);
#4718=CARTESIAN_POINT('',(0.825,1.55,-3.42));
#4719=VECTOR('',#5425,1.355);
#4720=CARTESIAN_POINT('',(-1.93,2.98,-3.98));
#4721=CARTESIAN_POINT('',(-0.825,2.98,-3.98));
#4722=CARTESIAN_POINT('',(-1.93,2.98,-3.98));
#4723=VECTOR('',#5426,1.105);
#4724=CARTESIAN_POINT('',(-1.93,2.701611781859,-3.67));
#4725=AXIS2_PLACEMENT_3D('',#5427,#5428,#5429);
#4726=CARTESIAN_POINT('',(-1.93,2.701611781859,-3.67));
#4727=CARTESIAN_POINT('',(-1.93,2.703071863034,-3.65645102011));
#4728=CARTESIAN_POINT('',(-1.932202956294,2.708056017716,-3.62876868257));
#4729=CARTESIAN_POINT('',(-1.942928335752,2.722622352829,-3.586661120492));
#4730=CARTESIAN_POINT('',(-1.961411671282,2.744651245807,-3.545885472732));
#4731=CARTESIAN_POINT('',(-1.98784199256,2.774428492844,-3.507724622061));
#4732=CARTESIAN_POINT('',(-2.023042265723,2.812909678284,-3.473238466056));
#4733=CARTESIAN_POINT('',(-2.066997964119,2.860131868277,-3.444788487173));
#4734=CARTESIAN_POINT('',(-2.120126513795,2.916633637973,-3.424978110991));
#4735=CARTESIAN_POINT('',(-2.159475124987,2.95827851401,-3.42));
#4736=CARTESIAN_POINT('',(-2.18,2.98,-3.42));
#4737=AXIS2_PLACEMENT_3D('',#5430,#5431,#5432);
#4738=CARTESIAN_POINT('',(1.93,2.701611781859,-3.67));
#4739=CARTESIAN_POINT('',(2.18,2.98,-3.42));
#4740=CARTESIAN_POINT('',(2.159475124987,2.95827851401,-3.42));
#4741=CARTESIAN_POINT('',(2.120126513795,2.916633637973,-3.424978110991));
#4742=CARTESIAN_POINT('',(2.066997964119,2.860131868277,-3.444788487173));
#4743=CARTESIAN_POINT('',(2.023042265723,2.812909678284,-3.473238466056));
#4744=CARTESIAN_POINT('',(1.98784199256,2.774428492844,-3.507724622061));
#4745=CARTESIAN_POINT('',(1.961411671282,2.744651245807,-3.545885472732));
#4746=CARTESIAN_POINT('',(1.942928335752,2.722622352829,-3.586661120492));
#4747=CARTESIAN_POINT('',(1.932202956294,2.708056017716,-3.62876868257));
#4748=CARTESIAN_POINT('',(1.93,2.703071863034,-3.65645102011));
#4749=CARTESIAN_POINT('',(1.93,2.701611781859,-3.67));
#4750=CARTESIAN_POINT('',(1.93,2.98,-3.98));
#4751=AXIS2_PLACEMENT_3D('',#5433,#5434,#5435);
#4752=CARTESIAN_POINT('',(0.825,2.98,-3.98));
#4753=CARTESIAN_POINT('',(0.825,2.98,-3.98));
#4754=VECTOR('',#5436,1.105);
#4755=AXIS2_PLACEMENT_3D('',#5437,#5438,#5439);
#4756=CARTESIAN_POINT('',(-0.825,1.55,-4.03));
#4757=CARTESIAN_POINT('',(-0.825,1.55,-3.42));
#4758=VECTOR('',#5440,0.61);
#4759=CARTESIAN_POINT('',(-0.825,1.4,-4.18));
#4760=AXIS2_PLACEMENT_3D('',#5441,#5442,#5443);
#4761=CARTESIAN_POINT('',(-0.825,-2.45,-4.18));
#4762=CARTESIAN_POINT('',(-0.825,1.4,-4.18));
#4763=VECTOR('',#5444,3.85);
#4764=CARTESIAN_POINT('',(-0.825,-2.45,-5.08));
#4765=CARTESIAN_POINT('',(-0.825,-2.45,-4.18));
#4766=VECTOR('',#5445,0.9);
#4767=CARTESIAN_POINT('',(-0.825,6.85,-5.08));
#4768=CARTESIAN_POINT('',(-0.825,-2.45,-5.08));
#4769=VECTOR('',#5446,9.3);
#4770=CARTESIAN_POINT('',(-0.825,6.85,-3.98));
#4771=CARTESIAN_POINT('',(-0.825,6.85,-5.08));
#4772=VECTOR('',#5447,1.1);
#4773=CARTESIAN_POINT('',(-0.825,2.98,-3.98));
#4774=VECTOR('',#5448,3.87);
#4775=CARTESIAN_POINT('',(0.825,6.85,-3.98));
#4776=CARTESIAN_POINT('',(-0.825,6.85,-3.98));
#4777=VECTOR('',#5449,1.65);
#4778=CARTESIAN_POINT('',(0.825,2.98,-3.98));
#4779=VECTOR('',#5450,3.87);
#4780=CARTESIAN_POINT('',(1.93,8.11,-3.98));
#4781=CARTESIAN_POINT('',(1.93,8.11,-3.98));
#4782=VECTOR('',#5451,5.13);
#4783=CARTESIAN_POINT('',(-1.93,8.11,-3.98));
#4784=CARTESIAN_POINT('',(-1.93,8.11,-3.98));
#4785=VECTOR('',#5452,3.86);
#4786=CARTESIAN_POINT('',(-1.93,8.11,-3.98));
#4787=VECTOR('',#5453,5.13);
#4788=CARTESIAN_POINT('',(-1.93,9.11,-4.98));
#4789=CARTESIAN_POINT('',(-1.93,9.11,-4.98));
#4790=VECTOR('',#5454,1.414213562373);
#4791=CARTESIAN_POINT('',(-1.93,9.11,-5.68));
#4792=CARTESIAN_POINT('',(-1.93,9.11,-5.68));
#4793=VECTOR('',#5455,0.7);
#4794=CARTESIAN_POINT('',(-1.93,-0.43,-5.68));
#4795=CARTESIAN_POINT('',(-1.93,-0.43,-5.68));
#4796=VECTOR('',#5456,9.54);
#4797=CARTESIAN_POINT('',(-1.93,-1.45,-6.7));
#4798=CARTESIAN_POINT('',(-1.93,-1.45,-6.7));
#4799=VECTOR('',#5457,1.442497833621);
#4800=CARTESIAN_POINT('',(-1.93,-2.45,-6.7));
#4801=CARTESIAN_POINT('',(-1.93,-2.45,-6.7));
#4802=VECTOR('',#5458,1.0);
#4803=CARTESIAN_POINT('',(-1.93,-2.45,-4.18));
#4804=CARTESIAN_POINT('',(-1.93,-2.45,-4.18));
#4805=VECTOR('',#5459,2.52);
#4806=CARTESIAN_POINT('',(-1.93,1.4,-4.18));
#4807=CARTESIAN_POINT('',(-1.93,1.4,-4.18));
#4808=VECTOR('',#5460,3.85);
#4809=CARTESIAN_POINT('',(-1.93,1.55,-4.03));
#4810=AXIS2_PLACEMENT_3D('',#5461,#5462,#5463);
#4811=CARTESIAN_POINT('',(-1.93,1.55,-3.67));
#4812=CARTESIAN_POINT('',(-1.93,1.55,-3.67));
#4813=VECTOR('',#5464,0.36);
#4814=CARTESIAN_POINT('',(-1.93,1.55,-3.67));
#4815=VECTOR('',#5465,1.151611781858);
#4816=AXIS2_PLACEMENT_3D('',#5466,#5467,#5468);
#4817=CARTESIAN_POINT('',(-1.93,1.55,-4.03));
#4818=VECTOR('',#5469,1.105);
#4819=CARTESIAN_POINT('',(0.825,1.55,-4.03));
#4820=CARTESIAN_POINT('',(1.93,1.55,-4.03));
#4821=CARTESIAN_POINT('',(0.825,1.55,-4.03));
#4822=VECTOR('',#5470,1.105);
#4823=CARTESIAN_POINT('',(1.93,1.55,-3.67));
#4824=CARTESIAN_POINT('',(1.93,1.55,-3.67));
#4825=VECTOR('',#5471,0.36);
#4826=AXIS2_PLACEMENT_3D('',#5472,#5473,#5474);
#4827=CARTESIAN_POINT('',(0.825,1.55,-3.42));
#4828=VECTOR('',#5475,0.61);
#4829=CARTESIAN_POINT('',(-1.93,1.4,-4.18));
#4830=VECTOR('',#5476,1.105);
#4831=CARTESIAN_POINT('',(0.825,1.4,-4.18));
#4832=CARTESIAN_POINT('',(1.93,1.4,-4.18));
#4833=CARTESIAN_POINT('',(0.825,1.4,-4.18));
#4834=VECTOR('',#5477,1.105);
#4835=AXIS2_PLACEMENT_3D('',#5478,#5479,#5480);
#4836=AXIS2_PLACEMENT_3D('',#5481,#5482,#5483);
#4837=CARTESIAN_POINT('',(-1.93,-2.45,-4.18));
#4838=VECTOR('',#5484,1.105);
#4839=CARTESIAN_POINT('',(0.825,-2.45,-4.18));
#4840=CARTESIAN_POINT('',(1.93,-2.45,-4.18));
#4841=CARTESIAN_POINT('',(0.825,-2.45,-4.18));
#4842=VECTOR('',#5485,1.105);
#4843=CARTESIAN_POINT('',(1.93,1.4,-4.18));
#4844=VECTOR('',#5486,3.85);
#4845=CARTESIAN_POINT('',(0.825,1.4,-4.18));
#4846=VECTOR('',#5487,3.85);
#4847=CARTESIAN_POINT('',(1.93,-2.45,-6.7));
#4848=CARTESIAN_POINT('',(-1.93,-2.45,-6.7));
#4849=VECTOR('',#5488,3.86);
#4850=CARTESIAN_POINT('',(1.93,-2.45,-4.18));
#4851=VECTOR('',#5489,2.52);
#4852=CARTESIAN_POINT('',(0.825,-2.45,-5.08));
#4853=CARTESIAN_POINT('',(0.825,-2.45,-4.18));
#4854=VECTOR('',#5490,0.9);
#4855=CARTESIAN_POINT('',(-0.825,-2.45,-5.08));
#4856=VECTOR('',#5491,1.65);
#4857=CARTESIAN_POINT('',(0.825,6.85,-5.08));
#4858=CARTESIAN_POINT('',(0.825,-2.45,-5.08));
#4859=VECTOR('',#5492,9.3);
#4860=CARTESIAN_POINT('',(-0.825,6.85,-5.08));
#4861=VECTOR('',#5493,1.65);
#4862=CARTESIAN_POINT('',(0.825,6.85,-5.08));
#4863=VECTOR('',#5494,1.1);
#4864=CARTESIAN_POINT('',(1.93,-1.45,-6.7));
#4865=CARTESIAN_POINT('',(1.93,-2.45,-6.7));
#4866=VECTOR('',#5495,1.0);
#4867=CARTESIAN_POINT('',(1.93,-0.43,-5.68));
#4868=CARTESIAN_POINT('',(1.93,-1.45,-6.7));
#4869=VECTOR('',#5496,1.442497833621);
#4870=CARTESIAN_POINT('',(1.93,9.11,-5.68));
#4871=CARTESIAN_POINT('',(1.93,-0.43,-5.68));
#4872=VECTOR('',#5497,9.54);
#4873=CARTESIAN_POINT('',(1.93,9.11,-4.98));
#4874=CARTESIAN_POINT('',(1.93,9.11,-5.68));
#4875=VECTOR('',#5498,0.7);
#4876=CARTESIAN_POINT('',(1.93,9.11,-4.98));
#4877=VECTOR('',#5499,1.414213562373);
#4878=CARTESIAN_POINT('',(1.93,2.701611781859,-3.67));
#4879=VECTOR('',#5500,1.151611781859);
#4880=CARTESIAN_POINT('',(-1.93,9.11,-4.98));
#4881=VECTOR('',#5501,3.86);
#4882=CARTESIAN_POINT('',(-1.93,9.11,-5.68));
#4883=VECTOR('',#5502,3.86);
#4884=CARTESIAN_POINT('',(-1.93,-0.43,-5.68));
#4885=VECTOR('',#5503,3.86);
#4886=CARTESIAN_POINT('',(-1.93,-1.45,-6.7));
#4887=VECTOR('',#5504,3.86);
#4888=CARTESIAN_POINT('',(2.63,-2.98,-3.83));
#4889=CARTESIAN_POINT('',(2.63,-2.98,-3.83));
#4890=VECTOR('',#5505,3.79);
#4891=CARTESIAN_POINT('',(2.63,-2.98,-3.83));
#4892=VECTOR('',#5506,0.41);
#4893=CARTESIAN_POINT('',(-6.43,-2.98,-3.83));
#4894=CARTESIAN_POINT('',(-2.63,-2.98,-3.83));
#4895=CARTESIAN_POINT('',(-6.43,-2.98,-3.83));
#4896=VECTOR('',#5507,3.8);
#4897=CARTESIAN_POINT('',(-6.43,-2.98,-3.42));
#4898=VECTOR('',#5508,0.41);
#4899=CARTESIAN_POINT('',(-2.63,-2.98,-3.83));
#4900=VECTOR('',#5509,0.41);
#4901=CARTESIAN_POINT('',(2.63,-3.27,-4.12));
#4902=AXIS2_PLACEMENT_3D('',#5510,#5511,#5512);
#4903=CARTESIAN_POINT('',(2.63,-4.0,-4.12));
#4904=VECTOR('',#5513,0.73);
#4905=CARTESIAN_POINT('',(2.63,-3.27,-4.12));
#4906=VECTOR('',#5514,3.79);
#4907=CARTESIAN_POINT('',(-6.43,-3.27,-4.12));
#4908=CARTESIAN_POINT('',(-6.43,-3.27,-4.12));
#4909=VECTOR('',#5515,0.73);
#4910=CARTESIAN_POINT('',(-2.63,-3.27,-4.12));
#4911=CARTESIAN_POINT('',(-6.43,-3.27,-4.12));
#4912=VECTOR('',#5516,3.8);
#4913=CARTESIAN_POINT('',(-2.63,-4.0,-4.12));
#4914=VECTOR('',#5517,0.73);
#4915=AXIS2_PLACEMENT_3D('',#5518,#5519,#5520);
#4916=AXIS2_PLACEMENT_3D('',#5521,#5522,#5523);
#4917=CARTESIAN_POINT('',(-3.255,-3.0,-0.13));
#4918=CARTESIAN_POINT('',(-3.255,-4.0,-0.13));
#4919=VECTOR('',#5524,1.0);
#4920=CARTESIAN_POINT('',(-3.255,-3.0,-2.62));
#4921=CARTESIAN_POINT('',(-3.255,-3.0,-2.62));
#4922=VECTOR('',#5525,2.49);
#4923=CARTESIAN_POINT('',(-3.255,-4.0,-2.62));
#4924=VECTOR('',#5526,1.0);
#4925=CARTESIAN_POINT('',(-5.745,-3.0,-2.62));
#4926=CARTESIAN_POINT('',(-5.745,-3.0,-2.62));
#4927=VECTOR('',#5527,2.49);
#4928=CARTESIAN_POINT('',(-5.745,-4.0,-2.62));
#4929=VECTOR('',#5528,1.0);
#4930=CARTESIAN_POINT('',(-5.745,-3.0,-0.13));
#4931=CARTESIAN_POINT('',(-5.745,-3.0,-0.13));
#4932=VECTOR('',#5529,2.49);
#4933=CARTESIAN_POINT('',(-5.745,-4.0,-0.13));
#4934=VECTOR('',#5530,1.0);
#4935=CARTESIAN_POINT('',(-3.255,-3.0,-0.13));
#4936=VECTOR('',#5531,2.49);
#4937=CARTESIAN_POINT('',(-3.255,-3.0,2.87));
#4938=CARTESIAN_POINT('',(-5.745,-3.0,2.87));
#4939=CARTESIAN_POINT('',(-3.255,-3.0,2.87));
#4940=VECTOR('',#5532,2.49);
#4941=CARTESIAN_POINT('',(-5.745,-3.0,0.38));
#4942=CARTESIAN_POINT('',(-5.745,-3.0,2.87));
#4943=VECTOR('',#5533,2.49);
#4944=CARTESIAN_POINT('',(-3.255,-3.0,0.38));
#4945=CARTESIAN_POINT('',(-5.745,-3.0,0.38));
#4946=VECTOR('',#5534,2.49);
#4947=CARTESIAN_POINT('',(-3.255,-3.0,0.38));
#4948=VECTOR('',#5535,2.49);
#4949=CARTESIAN_POINT('',(-3.255,-4.0,2.87));
#4950=VECTOR('',#5536,1.0);
#4951=CARTESIAN_POINT('',(-3.255,-4.0,0.38));
#4952=VECTOR('',#5537,1.0);
#4953=CARTESIAN_POINT('',(-5.745,-4.0,0.38));
#4954=VECTOR('',#5538,1.0);
#4955=CARTESIAN_POINT('',(-5.745,-4.0,2.87));
#4956=VECTOR('',#5539,1.0);
#4957=CARTESIAN_POINT('',(-0.255,-3.0,-0.13));
#4958=CARTESIAN_POINT('',(-0.255,-4.0,-0.13));
#4959=VECTOR('',#5540,1.0);
#4960=CARTESIAN_POINT('',(-0.255,-3.0,-2.62));
#4961=CARTESIAN_POINT('',(-0.255,-3.0,-2.62));
#4962=VECTOR('',#5541,2.49);
#4963=CARTESIAN_POINT('',(-0.255,-4.0,-2.62));
#4964=VECTOR('',#5542,1.0);
#4965=CARTESIAN_POINT('',(-2.745,-3.0,-2.62));
#4966=CARTESIAN_POINT('',(-2.745,-3.0,-2.62));
#4967=VECTOR('',#5543,2.49);
#4968=CARTESIAN_POINT('',(-2.745,-4.0,-2.62));
#4969=VECTOR('',#5544,1.0);
#4970=CARTESIAN_POINT('',(-2.745,-3.0,-0.13));
#4971=CARTESIAN_POINT('',(-2.745,-3.0,-0.13));
#4972=VECTOR('',#5545,2.49);
#4973=CARTESIAN_POINT('',(-2.745,-4.0,-0.13));
#4974=VECTOR('',#5546,1.0);
#4975=CARTESIAN_POINT('',(-0.255,-3.0,-0.13));
#4976=VECTOR('',#5547,2.49);
#4977=CARTESIAN_POINT('',(-0.255,-3.0,2.87));
#4978=CARTESIAN_POINT('',(-2.745,-3.0,2.87));
#4979=CARTESIAN_POINT('',(-0.255,-3.0,2.87));
#4980=VECTOR('',#5548,2.49);
#4981=CARTESIAN_POINT('',(-2.745,-3.0,0.38));
#4982=CARTESIAN_POINT('',(-2.745,-3.0,2.87));
#4983=VECTOR('',#5549,2.49);
#4984=CARTESIAN_POINT('',(-0.255,-3.0,0.38));
#4985=CARTESIAN_POINT('',(-2.745,-3.0,0.38));
#4986=VECTOR('',#5550,2.49);
#4987=CARTESIAN_POINT('',(-0.255,-3.0,0.38));
#4988=VECTOR('',#5551,2.49);
#4989=CARTESIAN_POINT('',(-0.255,-4.0,2.87));
#4990=VECTOR('',#5552,1.0);
#4991=CARTESIAN_POINT('',(-0.255,-4.0,0.38));
#4992=VECTOR('',#5553,1.0);
#4993=CARTESIAN_POINT('',(-2.745,-4.0,0.38));
#4994=VECTOR('',#5554,1.0);
#4995=CARTESIAN_POINT('',(-2.745,-4.0,2.87));
#4996=VECTOR('',#5555,1.0);
#4997=CARTESIAN_POINT('',(2.745,-3.0,-0.13));
#4998=CARTESIAN_POINT('',(2.745,-4.0,-0.13));
#4999=VECTOR('',#5556,1.0);
#5000=CARTESIAN_POINT('',(2.745,-3.0,-2.62));
#5001=CARTESIAN_POINT('',(2.745,-3.0,-2.62));
#5002=VECTOR('',#5557,2.49);
#5003=CARTESIAN_POINT('',(2.745,-4.0,-2.62));
#5004=VECTOR('',#5558,1.0);
#5005=CARTESIAN_POINT('',(0.255,-3.0,-2.62));
#5006=CARTESIAN_POINT('',(0.255,-3.0,-2.62));
#5007=VECTOR('',#5559,2.49);
#5008=CARTESIAN_POINT('',(0.255,-4.0,-2.62));
#5009=VECTOR('',#5560,1.0);
#5010=CARTESIAN_POINT('',(0.255,-3.0,-0.13));
#5011=CARTESIAN_POINT('',(0.255,-3.0,-0.13));
#5012=VECTOR('',#5561,2.49);
#5013=CARTESIAN_POINT('',(0.255,-4.0,-0.13));
#5014=VECTOR('',#5562,1.0);
#5015=CARTESIAN_POINT('',(2.745,-3.0,-0.13));
#5016=VECTOR('',#5563,2.49);
#5017=CARTESIAN_POINT('',(2.745,-3.0,2.87));
#5018=CARTESIAN_POINT('',(0.255,-3.0,2.87));
#5019=CARTESIAN_POINT('',(2.745,-3.0,2.87));
#5020=VECTOR('',#5564,2.49);
#5021=CARTESIAN_POINT('',(0.255,-3.0,0.38));
#5022=CARTESIAN_POINT('',(0.255,-3.0,2.87));
#5023=VECTOR('',#5565,2.49);
#5024=CARTESIAN_POINT('',(2.745,-3.0,0.38));
#5025=CARTESIAN_POINT('',(0.255,-3.0,0.38));
#5026=VECTOR('',#5566,2.49);
#5027=CARTESIAN_POINT('',(2.745,-3.0,0.38));
#5028=VECTOR('',#5567,2.49);
#5029=CARTESIAN_POINT('',(2.745,-4.0,2.87));
#5030=VECTOR('',#5568,1.0);
#5031=CARTESIAN_POINT('',(2.745,-4.0,0.38));
#5032=VECTOR('',#5569,1.0);
#5033=CARTESIAN_POINT('',(0.255,-4.0,0.38));
#5034=VECTOR('',#5570,1.0);
#5035=CARTESIAN_POINT('',(0.255,-4.0,2.87));
#5036=VECTOR('',#5571,1.0);
#5037=CARTESIAN_POINT('',(5.745,-3.0,-0.13));
#5038=CARTESIAN_POINT('',(5.745,-4.0,-0.13));
#5039=VECTOR('',#5572,1.0);
#5040=CARTESIAN_POINT('',(5.745,-3.0,-2.62));
#5041=CARTESIAN_POINT('',(5.745,-3.0,-2.62));
#5042=VECTOR('',#5573,2.49);
#5043=CARTESIAN_POINT('',(5.745,-4.0,-2.62));
#5044=VECTOR('',#5574,1.0);
#5045=CARTESIAN_POINT('',(3.255,-3.0,-2.62));
#5046=CARTESIAN_POINT('',(3.255,-3.0,-2.62));
#5047=VECTOR('',#5575,2.49);
#5048=CARTESIAN_POINT('',(3.255,-4.0,-2.62));
#5049=VECTOR('',#5576,1.0);
#5050=CARTESIAN_POINT('',(3.255,-3.0,-0.13));
#5051=CARTESIAN_POINT('',(3.255,-3.0,-0.13));
#5052=VECTOR('',#5577,2.49);
#5053=CARTESIAN_POINT('',(3.255,-4.0,-0.13));
#5054=VECTOR('',#5578,1.0);
#5055=CARTESIAN_POINT('',(5.745,-3.0,-0.13));
#5056=VECTOR('',#5579,2.49);
#5057=CARTESIAN_POINT('',(5.745,-3.0,2.87));
#5058=CARTESIAN_POINT('',(3.255,-3.0,2.87));
#5059=CARTESIAN_POINT('',(5.745,-3.0,2.87));
#5060=VECTOR('',#5580,2.49);
#5061=CARTESIAN_POINT('',(3.255,-3.0,0.38));
#5062=CARTESIAN_POINT('',(3.255,-3.0,2.87));
#5063=VECTOR('',#5581,2.49);
#5064=CARTESIAN_POINT('',(5.745,-3.0,0.38));
#5065=CARTESIAN_POINT('',(3.255,-3.0,0.38));
#5066=VECTOR('',#5582,2.49);
#5067=CARTESIAN_POINT('',(5.745,-3.0,0.38));
#5068=VECTOR('',#5583,2.49);
#5069=CARTESIAN_POINT('',(5.745,-4.0,2.87));
#5070=VECTOR('',#5584,1.0);
#5071=CARTESIAN_POINT('',(5.745,-4.0,0.38));
#5072=VECTOR('',#5585,1.0);
#5073=CARTESIAN_POINT('',(3.255,-4.0,0.38));
#5074=VECTOR('',#5586,1.0);
#5075=CARTESIAN_POINT('',(3.255,-4.0,2.87));
#5076=VECTOR('',#5587,1.0);
#5077=DIRECTION('',(0.0,0.0,1.0));
#5078=CARTESIAN_POINT('',(6.42,-3.28,3.83));
#5079=DIRECTION('',(1.0,0.0,0.0));
#5080=DIRECTION('',(0.0,1.0,0.0));
#5081=DIRECTION('',(0.0,-1.0,0.0));
#5082=DIRECTION('',(0.0,0.0,-1.0));
#5083=DIRECTION('',(0.0,1.0,0.0));
#5084=CARTESIAN_POINT('',(6.42,-3.27,-3.83));
#5085=DIRECTION('',(1.0,0.0,0.0));
#5086=DIRECTION('',(0.0,0.0,-1.0));
#5087=DIRECTION('',(0.0,0.0,1.0));
#5088=DIRECTION('',(0.0,1.0,0.0));
#5089=DIRECTION('',(0.0,0.0,1.0));
#5090=DIRECTION('',(0.0,-1.0,0.0));
#5091=DIRECTION('',(0.0,1.0,0.0));
#5092=DIRECTION('',(1.0,0.0,0.0));
#5093=DIRECTION('',(0.0,-1.0,0.0));
#5094=DIRECTION('',(1.0,0.0,0.0));
#5095=DIRECTION('',(0.0,-1.0,0.0));
#5096=DIRECTION('',(1.0,0.0,0.0));
#5097=DIRECTION('',(1.0,0.0,0.0));
#5098=DIRECTION('',(1.0,0.0,0.0));
#5099=DIRECTION('',(0.0,0.0,-1.0));
#5100=CARTESIAN_POINT('',(-4.54,3.65,3.43));
#5101=DIRECTION('',(0.0,-1.0,0.0));
#5102=DIRECTION('',(1.0,0.0,0.0));
#5103=DIRECTION('',(0.0,0.0,1.0));
#5104=DIRECTION('',(-1.0,0.0,0.0));
#5105=DIRECTION('',(0.0,0.0,-1.0));
#5106=DIRECTION('',(0.707106781186548,0.0,-0.707106781186548));
#5107=DIRECTION('',(1.0,0.0,0.0));
#5108=DIRECTION('',(0.0,0.0,1.0));
#5109=DIRECTION('',(-1.0,0.0,0.0));
#5110=DIRECTION('',(0.0,0.0,-1.0));
#5111=DIRECTION('',(0.707106781186548,0.0,-0.707106781186548));
#5112=DIRECTION('',(1.0,0.0,0.0));
#5113=DIRECTION('',(-1.0,0.0,0.0));
#5114=DIRECTION('',(0.0,0.0,-1.0));
#5115=DIRECTION('',(1.0,0.0,0.0));
#5116=DIRECTION('',(0.707106781186548,0.0,0.707106781186548));
#5117=DIRECTION('',(0.0,0.0,1.0));
#5118=DIRECTION('',(-1.0,0.0,0.0));
#5119=DIRECTION('',(0.0,0.0,-1.0));
#5120=DIRECTION('',(1.0,0.0,0.0));
#5121=DIRECTION('',(0.707106781186548,0.0,0.707106781186548));
#5122=DIRECTION('',(0.0,0.0,1.0));
#5123=DIRECTION('',(0.0,0.0,1.0));
#5124=DIRECTION('',(-1.0,0.0,0.0));
#5125=DIRECTION('',(0.0,0.0,-1.0));
#5126=DIRECTION('',(0.707106781186548,0.0,-0.707106781186548));
#5127=DIRECTION('',(1.0,0.0,0.0));
#5128=DIRECTION('',(0.0,0.0,1.0));
#5129=DIRECTION('',(-1.0,0.0,0.0));
#5130=DIRECTION('',(0.0,0.0,-1.0));
#5131=DIRECTION('',(0.707106781186548,0.0,-0.707106781186548));
#5132=DIRECTION('',(1.0,0.0,0.0));
#5133=DIRECTION('',(-1.0,0.0,0.0));
#5134=DIRECTION('',(0.0,0.0,-1.0));
#5135=DIRECTION('',(1.0,0.0,0.0));
#5136=DIRECTION('',(0.707106781186548,0.0,0.707106781186548));
#5137=DIRECTION('',(0.0,0.0,1.0));
#5138=DIRECTION('',(1.0,0.0,0.0));
#5139=DIRECTION('',(0.0,0.0,1.0));
#5140=DIRECTION('',(-1.0,0.0,0.0));
#5141=DIRECTION('',(0.0,0.0,-1.0));
#5142=DIRECTION('',(0.0,1.0,0.0));
#5143=DIRECTION('',(0.0,0.0,-1.0));
#5144=DIRECTION('',(0.0,1.0,0.0));
#5145=DIRECTION('',(1.0,0.0,0.0));
#5146=DIRECTION('',(0.0,1.0,0.0));
#5147=DIRECTION('',(0.0,0.0,1.0));
#5148=DIRECTION('',(0.0,1.0,0.0));
#5149=DIRECTION('',(-1.0,0.0,0.0));
#5150=DIRECTION('',(-1.0,0.0,0.0));
#5151=DIRECTION('',(0.0,0.0,-1.0));
#5152=DIRECTION('',(0.707106781186498,0.0,-0.707106781186598));
#5153=DIRECTION('',(1.0,0.0,0.0));
#5154=DIRECTION('',(0.707106781186498,0.0,0.707106781186598));
#5155=DIRECTION('',(0.0,0.0,1.0));
#5156=DIRECTION('',(1.0,0.0,0.0));
#5157=DIRECTION('',(0.0,0.0,-1.0));
#5158=DIRECTION('',(-1.0,0.0,0.0));
#5159=DIRECTION('',(0.0,0.0,1.0));
#5160=DIRECTION('',(0.707106781186548,0.0,0.707106781186548));
#5161=DIRECTION('',(-1.0,0.0,0.0));
#5162=DIRECTION('',(0.0,0.0,-1.0));
#5163=DIRECTION('',(0.707106781186498,0.0,-0.707106781186598));
#5164=DIRECTION('',(1.0,0.0,0.0));
#5165=DIRECTION('',(0.707106781186498,0.0,0.707106781186598));
#5166=DIRECTION('',(0.0,0.0,1.0));
#5167=DIRECTION('',(0.0,-1.0,0.0));
#5168=DIRECTION('',(0.0,0.0,1.0));
#5169=DIRECTION('',(0.0,-1.0,0.0));
#5170=DIRECTION('',(-1.0,0.0,0.0));
#5171=DIRECTION('',(0.0,-1.0,0.0));
#5172=DIRECTION('',(0.0,0.0,-1.0));
#5173=DIRECTION('',(0.0,-1.0,0.0));
#5174=DIRECTION('',(0.707106781186498,0.0,-0.707106781186598));
#5175=DIRECTION('',(0.0,-1.0,0.0));
#5176=DIRECTION('',(1.0,0.0,0.0));
#5177=DIRECTION('',(0.0,-1.0,0.0));
#5178=DIRECTION('',(0.707106781186498,0.0,0.707106781186598));
#5179=DIRECTION('',(0.707106781186498,0.0,0.707106781186598));
#5180=DIRECTION('',(1.0,0.0,0.0));
#5181=DIRECTION('',(0.707106781186498,0.0,-0.707106781186598));
#5182=DIRECTION('',(0.0,0.0,-1.0));
#5183=DIRECTION('',(-1.0,0.0,0.0));
#5184=DIRECTION('',(0.0,0.0,1.0));
#5185=DIRECTION('',(0.0,-1.0,0.0));
#5186=DIRECTION('',(0.0,-1.0,0.0));
#5187=DIRECTION('',(0.0,-1.0,0.0));
#5188=DIRECTION('',(0.0,-1.0,0.0));
#5189=DIRECTION('',(0.0,-1.0,0.0));
#5190=DIRECTION('',(0.0,-1.0,0.0));
#5191=DIRECTION('',(0.0,1.0,0.0));
#5192=DIRECTION('',(0.0,1.0,0.0));
#5193=DIRECTION('',(0.0,1.0,0.0));
#5194=DIRECTION('',(0.0,1.0,0.0));
#5195=DIRECTION('',(0.0,1.0,0.0));
#5196=DIRECTION('',(1.0,0.0,0.0));
#5197=DIRECTION('',(0.0,1.0,0.0));
#5198=DIRECTION('',(0.0,1.0,0.0));
#5199=DIRECTION('',(0.707106781186548,0.0,-0.707106781186548));
#5200=DIRECTION('',(0.0,1.0,0.0));
#5201=DIRECTION('',(0.0,1.0,0.0));
#5202=DIRECTION('',(0.0,0.0,-1.0));
#5203=DIRECTION('',(-1.0,0.0,0.0));
#5204=DIRECTION('',(0.0,0.0,1.0));
#5205=DIRECTION('',(-1.0,0.0,0.0));
#5206=DIRECTION('',(0.0,0.0,-1.0));
#5207=DIRECTION('',(0.707106781186498,0.0,-0.707106781186598));
#5208=DIRECTION('',(1.0,0.0,0.0));
#5209=DIRECTION('',(0.707106781186498,0.0,0.707106781186598));
#5210=DIRECTION('',(0.0,0.0,1.0));
#5211=DIRECTION('',(0.0,0.0,-1.0));
#5212=DIRECTION('',(-1.0,0.0,0.0));
#5213=DIRECTION('',(0.0,0.0,1.0));
#5214=DIRECTION('',(1.0,0.0,0.0));
#5215=DIRECTION('',(0.707106781186548,0.0,-0.707106781186548));
#5216=DIRECTION('',(-1.0,0.0,0.0));
#5217=DIRECTION('',(0.0,0.0,-1.0));
#5218=DIRECTION('',(0.707106781186498,0.0,-0.707106781186598));
#5219=DIRECTION('',(1.0,0.0,0.0));
#5220=DIRECTION('',(0.707106781186498,0.0,0.707106781186598));
#5221=DIRECTION('',(0.0,0.0,1.0));
#5222=DIRECTION('',(0.0,-1.0,0.0));
#5223=DIRECTION('',(0.0,0.0,1.0));
#5224=DIRECTION('',(0.0,-1.0,0.0));
#5225=DIRECTION('',(-1.0,0.0,0.0));
#5226=DIRECTION('',(0.0,-1.0,0.0));
#5227=DIRECTION('',(0.0,0.0,-1.0));
#5228=DIRECTION('',(0.0,-1.0,0.0));
#5229=DIRECTION('',(0.707106781186498,0.0,-0.707106781186598));
#5230=DIRECTION('',(0.0,-1.0,0.0));
#5231=DIRECTION('',(1.0,0.0,0.0));
#5232=DIRECTION('',(0.0,-1.0,0.0));
#5233=DIRECTION('',(0.707106781186498,0.0,0.707106781186598));
#5234=DIRECTION('',(0.707106781186498,0.0,0.707106781186598));
#5235=DIRECTION('',(1.0,0.0,0.0));
#5236=DIRECTION('',(0.707106781186498,0.0,-0.707106781186598));
#5237=DIRECTION('',(0.0,0.0,-1.0));
#5238=DIRECTION('',(-1.0,0.0,0.0));
#5239=DIRECTION('',(0.0,0.0,1.0));
#5240=DIRECTION('',(0.0,-1.0,0.0));
#5241=DIRECTION('',(0.0,-1.0,0.0));
#5242=DIRECTION('',(0.0,-1.0,0.0));
#5243=DIRECTION('',(0.0,-1.0,0.0));
#5244=DIRECTION('',(0.0,-1.0,0.0));
#5245=DIRECTION('',(0.0,-1.0,0.0));
#5246=DIRECTION('',(0.0,1.0,0.0));
#5247=DIRECTION('',(0.0,1.0,0.0));
#5248=DIRECTION('',(0.0,1.0,0.0));
#5249=DIRECTION('',(0.0,1.0,0.0));
#5250=DIRECTION('',(0.0,1.0,0.0));
#5251=DIRECTION('',(0.0,1.0,0.0));
#5252=DIRECTION('',(0.0,0.0,1.0));
#5253=DIRECTION('',(0.0,1.0,0.0));
#5254=DIRECTION('',(0.0,1.0,0.0));
#5255=DIRECTION('',(0.0,1.0,0.0));
#5256=DIRECTION('',(0.707106781186548,0.0,0.707106781186548));
#5257=DIRECTION('',(1.0,0.0,0.0));
#5258=DIRECTION('',(0.0,0.0,-1.0));
#5259=DIRECTION('',(-1.0,0.0,0.0));
#5260=DIRECTION('',(0.0,0.0,1.0));
#5261=DIRECTION('',(0.707106781186548,0.0,0.707106781186548));
#5262=DIRECTION('',(-1.0,0.0,0.0));
#5263=DIRECTION('',(0.0,0.0,-1.0));
#5264=DIRECTION('',(0.707106781186498,0.0,-0.707106781186598));
#5265=DIRECTION('',(1.0,0.0,0.0));
#5266=DIRECTION('',(0.707106781186498,0.0,0.707106781186598));
#5267=DIRECTION('',(0.0,0.0,1.0));
#5268=DIRECTION('',(1.0,0.0,0.0));
#5269=DIRECTION('',(0.0,0.0,-1.0));
#5270=DIRECTION('',(-1.0,0.0,0.0));
#5271=DIRECTION('',(-1.0,0.0,0.0));
#5272=DIRECTION('',(0.0,0.0,-1.0));
#5273=DIRECTION('',(0.707106781186498,0.0,-0.707106781186598));
#5274=DIRECTION('',(1.0,0.0,0.0));
#5275=DIRECTION('',(0.707106781186498,0.0,0.707106781186598));
#5276=DIRECTION('',(0.0,0.0,1.0));
#5277=DIRECTION('',(0.0,-1.0,0.0));
#5278=DIRECTION('',(0.0,0.0,1.0));
#5279=DIRECTION('',(0.0,-1.0,0.0));
#5280=DIRECTION('',(-1.0,0.0,0.0));
#5281=DIRECTION('',(0.0,-1.0,0.0));
#5282=DIRECTION('',(0.0,0.0,-1.0));
#5283=DIRECTION('',(0.0,-1.0,0.0));
#5284=DIRECTION('',(0.707106781186498,0.0,-0.707106781186598));
#5285=DIRECTION('',(0.0,-1.0,0.0));
#5286=DIRECTION('',(1.0,0.0,0.0));
#5287=DIRECTION('',(0.0,-1.0,0.0));
#5288=DIRECTION('',(0.707106781186498,0.0,0.707106781186598));
#5289=DIRECTION('',(0.707106781186498,0.0,0.707106781186598));
#5290=DIRECTION('',(1.0,0.0,0.0));
#5291=DIRECTION('',(0.707106781186498,0.0,-0.707106781186598));
#5292=DIRECTION('',(0.0,0.0,-1.0));
#5293=DIRECTION('',(-1.0,0.0,0.0));
#5294=DIRECTION('',(0.0,0.0,1.0));
#5295=DIRECTION('',(0.0,-1.0,0.0));
#5296=DIRECTION('',(0.0,-1.0,0.0));
#5297=DIRECTION('',(0.0,-1.0,0.0));
#5298=DIRECTION('',(0.0,-1.0,0.0));
#5299=DIRECTION('',(0.0,-1.0,0.0));
#5300=DIRECTION('',(0.0,-1.0,0.0));
#5301=DIRECTION('',(0.0,1.0,0.0));
#5302=DIRECTION('',(0.0,1.0,0.0));
#5303=DIRECTION('',(0.0,1.0,0.0));
#5304=DIRECTION('',(0.0,1.0,0.0));
#5305=DIRECTION('',(0.0,1.0,0.0));
#5306=DIRECTION('',(0.0,1.0,0.0));
#5307=DIRECTION('',(0.0,1.0,0.0));
#5308=DIRECTION('',(1.0,0.0,0.0));
#5309=DIRECTION('',(0.0,1.0,0.0));
#5310=DIRECTION('',(0.0,1.0,0.0));
#5311=DIRECTION('',(0.707106781186548,0.0,-0.707106781186548));
#5312=DIRECTION('',(0.0,1.0,0.0));
#5313=DIRECTION('',(0.0,1.0,0.0));
#5314=DIRECTION('',(0.0,0.0,-1.0));
#5315=DIRECTION('',(-1.0,0.0,0.0));
#5316=DIRECTION('',(0.0,0.0,1.0));
#5317=DIRECTION('',(-1.0,0.0,0.0));
#5318=DIRECTION('',(0.0,0.0,-1.0));
#5319=DIRECTION('',(0.707106781186498,0.0,-0.707106781186598));
#5320=DIRECTION('',(1.0,0.0,0.0));
#5321=DIRECTION('',(0.707106781186498,0.0,0.707106781186598));
#5322=DIRECTION('',(0.0,0.0,1.0));
#5323=DIRECTION('',(0.0,0.0,-1.0));
#5324=DIRECTION('',(-1.0,0.0,0.0));
#5325=DIRECTION('',(0.0,0.0,1.0));
#5326=DIRECTION('',(1.0,0.0,0.0));
#5327=DIRECTION('',(0.707106781186548,0.0,-0.707106781186548));
#5328=DIRECTION('',(-1.0,0.0,0.0));
#5329=DIRECTION('',(0.0,0.0,-1.0));
#5330=DIRECTION('',(0.707106781186498,0.0,-0.707106781186598));
#5331=DIRECTION('',(1.0,0.0,0.0));
#5332=DIRECTION('',(0.707106781186498,0.0,0.707106781186598));
#5333=DIRECTION('',(0.0,0.0,1.0));
#5334=DIRECTION('',(0.0,-1.0,0.0));
#5335=DIRECTION('',(0.0,0.0,1.0));
#5336=DIRECTION('',(0.0,-1.0,0.0));
#5337=DIRECTION('',(-1.0,0.0,0.0));
#5338=DIRECTION('',(0.0,-1.0,0.0));
#5339=DIRECTION('',(0.0,0.0,-1.0));
#5340=DIRECTION('',(0.0,-1.0,0.0));
#5341=DIRECTION('',(0.707106781186498,0.0,-0.707106781186598));
#5342=DIRECTION('',(0.0,-1.0,0.0));
#5343=DIRECTION('',(1.0,0.0,0.0));
#5344=DIRECTION('',(0.0,-1.0,0.0));
#5345=DIRECTION('',(0.707106781186498,0.0,0.707106781186598));
#5346=DIRECTION('',(0.707106781186498,0.0,0.707106781186598));
#5347=DIRECTION('',(1.0,0.0,0.0));
#5348=DIRECTION('',(0.707106781186498,0.0,-0.707106781186598));
#5349=DIRECTION('',(0.0,0.0,-1.0));
#5350=DIRECTION('',(-1.0,0.0,0.0));
#5351=DIRECTION('',(0.0,0.0,1.0));
#5352=DIRECTION('',(0.0,-1.0,0.0));
#5353=DIRECTION('',(0.0,-1.0,0.0));
#5354=DIRECTION('',(0.0,-1.0,0.0));
#5355=DIRECTION('',(0.0,-1.0,0.0));
#5356=DIRECTION('',(0.0,-1.0,0.0));
#5357=DIRECTION('',(0.0,-1.0,0.0));
#5358=DIRECTION('',(0.0,1.0,0.0));
#5359=DIRECTION('',(0.0,1.0,0.0));
#5360=DIRECTION('',(0.0,1.0,0.0));
#5361=DIRECTION('',(0.0,1.0,0.0));
#5362=DIRECTION('',(0.0,1.0,0.0));
#5363=DIRECTION('',(0.0,1.0,0.0));
#5364=CARTESIAN_POINT('',(-4.54,-2.98,3.43));
#5365=DIRECTION('',(0.0,-1.0,0.0));
#5366=DIRECTION('',(1.0,0.0,0.0));
#5367=DIRECTION('',(0.0,0.0,-1.0));
#5368=DIRECTION('',(1.0,0.0,0.0));
#5369=CARTESIAN_POINT('',(-6.43,-3.28,3.83));
#5370=DIRECTION('',(-1.0,0.0,0.0));
#5371=DIRECTION('',(0.0,0.0,1.0));
#5372=DIRECTION('',(1.0,0.0,0.0));
#5373=DIRECTION('',(0.0,1.0,0.0));
#5374=DIRECTION('',(1.0,0.0,0.0));
#5375=DIRECTION('',(0.0,0.0,-1.0));
#5376=DIRECTION('',(1.0,0.0,0.0));
#5377=DIRECTION('',(0.0,0.0,1.0));
#5378=DIRECTION('',(1.0,0.0,0.0));
#5379=DIRECTION('',(0.0,0.0,-1.0));
#5380=DIRECTION('',(1.0,0.0,0.0));
#5381=DIRECTION('',(1.0,0.0,0.0));
#5382=DIRECTION('',(0.0,0.0,-1.0));
#5383=DIRECTION('',(-1.0,0.0,0.0));
#5384=DIRECTION('',(0.0,0.0,1.0));
#5385=DIRECTION('',(1.0,0.0,0.0));
#5386=DIRECTION('',(0.0,0.0,-1.0));
#5387=DIRECTION('',(-1.0,0.0,0.0));
#5388=DIRECTION('',(0.0,0.0,1.0));
#5389=DIRECTION('',(1.0,0.0,0.0));
#5390=DIRECTION('',(0.0,0.0,-1.0));
#5391=DIRECTION('',(-1.0,0.0,0.0));
#5392=DIRECTION('',(0.0,0.0,1.0));
#5393=DIRECTION('',(1.0,0.0,0.0));
#5394=DIRECTION('',(0.0,0.0,-1.0));
#5395=DIRECTION('',(-1.0,0.0,0.0));
#5396=DIRECTION('',(0.0,0.0,1.0));
#5397=DIRECTION('',(1.0,0.0,0.0));
#5398=DIRECTION('',(0.0,0.0,-1.0));
#5399=DIRECTION('',(-1.0,0.0,0.0));
#5400=DIRECTION('',(0.0,0.0,1.0));
#5401=DIRECTION('',(1.0,0.0,0.0));
#5402=DIRECTION('',(0.0,0.0,-1.0));
#5403=DIRECTION('',(-1.0,0.0,0.0));
#5404=DIRECTION('',(0.0,0.0,1.0));
#5405=DIRECTION('',(1.0,0.0,0.0));
#5406=DIRECTION('',(0.0,0.0,-1.0));
#5407=DIRECTION('',(-1.0,0.0,0.0));
#5408=DIRECTION('',(0.0,0.0,1.0));
#5409=DIRECTION('',(1.0,0.0,0.0));
#5410=DIRECTION('',(0.0,0.0,-1.0));
#5411=DIRECTION('',(-1.0,0.0,0.0));
#5412=DIRECTION('',(0.0,0.0,1.0));
#5413=DIRECTION('',(0.0,-1.0,0.0));
#5414=DIRECTION('',(1.0,0.0,0.0));
#5415=DIRECTION('',(0.0,-1.0,0.0));
#5416=DIRECTION('',(0.0,1.0,0.0));
#5417=DIRECTION('',(1.0,0.0,0.0));
#5418=DIRECTION('',(0.0,1.0,0.0));
#5419=DIRECTION('',(1.0,0.0,0.0));
#5420=DIRECTION('',(0.0,-1.0,0.0));
#5421=DIRECTION('',(-1.0,0.0,0.0));
#5422=DIRECTION('',(0.0,-1.0,0.0));
#5423=DIRECTION('',(-1.0,0.0,0.0));
#5424=DIRECTION('',(0.0,-1.0,0.0));
#5425=DIRECTION('',(1.0,0.0,0.0));
#5426=DIRECTION('',(1.0,0.0,0.0));
#5427=CARTESIAN_POINT('',(-1.93,2.98,-3.7));
#5428=DIRECTION('',(-1.0,-0.0,0.0));
#5429=DIRECTION('',(0.0,-1.427429603089E-14,-1.0));
#5430=CARTESIAN_POINT('',(-0.825,2.98,-3.7));
#5431=DIRECTION('',(1.0,0.0,0.0));
#5432=DIRECTION('',(0.0,-1.586032892322E-14,1.0));
#5433=CARTESIAN_POINT('',(1.93,2.98,-3.7));
#5434=DIRECTION('',(-1.0,-0.0,0.0));
#5435=DIRECTION('',(0.0,-1.427429603089E-14,-1.0));
#5436=DIRECTION('',(1.0,0.0,0.0));
#5437=CARTESIAN_POINT('',(0.825,2.98,-3.7));
#5438=DIRECTION('',(1.0,0.0,0.0));
#5439=DIRECTION('',(0.0,-1.586032892322E-14,1.0));
#5440=DIRECTION('',(0.0,0.0,-1.0));
#5441=CARTESIAN_POINT('',(-0.825,1.4,-4.03));
#5442=DIRECTION('',(1.0,0.0,0.0));
#5443=DIRECTION('',(0.0,1.051011129978E-13,-1.0));
#5444=DIRECTION('',(0.0,-1.0,0.0));
#5445=DIRECTION('',(0.0,0.0,-1.0));
#5446=DIRECTION('',(0.0,1.0,0.0));
#5447=DIRECTION('',(0.0,0.0,1.0));
#5448=DIRECTION('',(0.0,1.0,0.0));
#5449=DIRECTION('',(1.0,0.0,0.0));
#5450=DIRECTION('',(0.0,1.0,0.0));
#5451=DIRECTION('',(0.0,-1.0,0.0));
#5452=DIRECTION('',(1.0,0.0,0.0));
#5453=DIRECTION('',(0.0,-1.0,0.0));
#5454=DIRECTION('',(0.0,-0.707106781186548,0.707106781186548));
#5455=DIRECTION('',(0.0,0.0,1.0));
#5456=DIRECTION('',(0.0,1.0,0.0));
#5457=DIRECTION('',(0.0,0.707106781186498,0.707106781186597));
#5458=DIRECTION('',(0.0,1.0,0.0));
#5459=DIRECTION('',(0.0,0.0,-1.0));
#5460=DIRECTION('',(0.0,-1.0,0.0));
#5461=CARTESIAN_POINT('',(-1.93,1.4,-4.03));
#5462=DIRECTION('',(-1.0,0.0,0.0));
#5463=DIRECTION('',(0.0,1.0,1.184237892934E-14));
#5464=DIRECTION('',(0.0,0.0,-1.0));
#5465=DIRECTION('',(0.0,1.0,0.0));
#5466=CARTESIAN_POINT('',(-2.18,1.55,-3.67));
#5467=DIRECTION('',(0.0,1.0,0.0));
#5468=DIRECTION('',(0.0,0.0,1.0));
#5469=DIRECTION('',(1.0,0.0,0.0));
#5470=DIRECTION('',(1.0,0.0,0.0));
#5471=DIRECTION('',(0.0,0.0,-1.0));
#5472=CARTESIAN_POINT('',(2.18,1.55,-3.67));
#5473=DIRECTION('',(0.0,1.0,0.0));
#5474=DIRECTION('',(-1.0,0.0,0.0));
#5475=DIRECTION('',(0.0,0.0,-1.0));
#5476=DIRECTION('',(1.0,0.0,0.0));
#5477=DIRECTION('',(1.0,0.0,0.0));
#5478=CARTESIAN_POINT('',(1.93,1.4,-4.03));
#5479=DIRECTION('',(-1.0,0.0,0.0));
#5480=DIRECTION('',(0.0,1.0,1.184237892934E-14));
#5481=CARTESIAN_POINT('',(0.825,1.4,-4.03));
#5482=DIRECTION('',(1.0,0.0,0.0));
#5483=DIRECTION('',(0.0,1.051011129978E-13,-1.0));
#5484=DIRECTION('',(1.0,0.0,0.0));
#5485=DIRECTION('',(1.0,0.0,0.0));
#5486=DIRECTION('',(0.0,-1.0,0.0));
#5487=DIRECTION('',(0.0,-1.0,0.0));
#5488=DIRECTION('',(1.0,0.0,0.0));
#5489=DIRECTION('',(0.0,0.0,-1.0));
#5490=DIRECTION('',(0.0,0.0,-1.0));
#5491=DIRECTION('',(1.0,0.0,0.0));
#5492=DIRECTION('',(0.0,1.0,0.0));
#5493=DIRECTION('',(1.0,0.0,0.0));
#5494=DIRECTION('',(0.0,0.0,1.0));
#5495=DIRECTION('',(0.0,1.0,0.0));
#5496=DIRECTION('',(0.0,0.707106781186498,0.707106781186597));
#5497=DIRECTION('',(0.0,1.0,0.0));
#5498=DIRECTION('',(0.0,0.0,1.0));
#5499=DIRECTION('',(0.0,-0.707106781186548,0.707106781186548));
#5500=DIRECTION('',(0.0,-1.0,0.0));
#5501=DIRECTION('',(1.0,0.0,0.0));
#5502=DIRECTION('',(1.0,0.0,0.0));
#5503=DIRECTION('',(1.0,0.0,0.0));
#5504=DIRECTION('',(1.0,0.0,0.0));
#5505=DIRECTION('',(1.0,0.0,0.0));
#5506=DIRECTION('',(0.0,0.0,1.0));
#5507=DIRECTION('',(1.0,0.0,0.0));
#5508=DIRECTION('',(0.0,0.0,-1.0));
#5509=DIRECTION('',(0.0,0.0,1.0));
#5510=CARTESIAN_POINT('',(2.63,-3.27,-3.83));
#5511=DIRECTION('',(1.0,0.0,0.0));
#5512=DIRECTION('',(0.0,0.0,-1.0));
#5513=DIRECTION('',(0.0,1.0,0.0));
#5514=DIRECTION('',(1.0,0.0,0.0));
#5515=DIRECTION('',(0.0,-1.0,0.0));
#5516=DIRECTION('',(1.0,0.0,0.0));
#5517=DIRECTION('',(0.0,1.0,0.0));
#5518=CARTESIAN_POINT('',(-6.43,-3.27,-3.83));
#5519=DIRECTION('',(-1.0,0.0,0.0));
#5520=DIRECTION('',(0.0,1.0,0.0));
#5521=CARTESIAN_POINT('',(-2.63,-3.27,-3.83));
#5522=DIRECTION('',(1.0,0.0,0.0));
#5523=DIRECTION('',(0.0,0.0,-1.0));
#5524=DIRECTION('',(0.0,1.0,0.0));
#5525=DIRECTION('',(0.0,0.0,1.0));
#5526=DIRECTION('',(0.0,1.0,0.0));
#5527=DIRECTION('',(1.0,0.0,0.0));
#5528=DIRECTION('',(0.0,1.0,0.0));
#5529=DIRECTION('',(0.0,0.0,-1.0));
#5530=DIRECTION('',(0.0,1.0,0.0));
#5531=DIRECTION('',(-1.0,0.0,0.0));
#5532=DIRECTION('',(-1.0,0.0,0.0));
#5533=DIRECTION('',(0.0,0.0,-1.0));
#5534=DIRECTION('',(1.0,0.0,0.0));
#5535=DIRECTION('',(0.0,0.0,1.0));
#5536=DIRECTION('',(0.0,1.0,0.0));
#5537=DIRECTION('',(0.0,1.0,0.0));
#5538=DIRECTION('',(0.0,1.0,0.0));
#5539=DIRECTION('',(0.0,1.0,0.0));
#5540=DIRECTION('',(0.0,1.0,0.0));
#5541=DIRECTION('',(0.0,0.0,1.0));
#5542=DIRECTION('',(0.0,1.0,0.0));
#5543=DIRECTION('',(1.0,0.0,0.0));
#5544=DIRECTION('',(0.0,1.0,0.0));
#5545=DIRECTION('',(0.0,0.0,-1.0));
#5546=DIRECTION('',(0.0,1.0,0.0));
#5547=DIRECTION('',(-1.0,0.0,0.0));
#5548=DIRECTION('',(-1.0,0.0,0.0));
#5549=DIRECTION('',(0.0,0.0,-1.0));
#5550=DIRECTION('',(1.0,0.0,0.0));
#5551=DIRECTION('',(0.0,0.0,1.0));
#5552=DIRECTION('',(0.0,1.0,0.0));
#5553=DIRECTION('',(0.0,1.0,0.0));
#5554=DIRECTION('',(0.0,1.0,0.0));
#5555=DIRECTION('',(0.0,1.0,0.0));
#5556=DIRECTION('',(0.0,1.0,0.0));
#5557=DIRECTION('',(0.0,0.0,1.0));
#5558=DIRECTION('',(0.0,1.0,0.0));
#5559=DIRECTION('',(1.0,0.0,0.0));
#5560=DIRECTION('',(0.0,1.0,0.0));
#5561=DIRECTION('',(0.0,0.0,-1.0));
#5562=DIRECTION('',(0.0,1.0,0.0));
#5563=DIRECTION('',(-1.0,0.0,0.0));
#5564=DIRECTION('',(-1.0,0.0,0.0));
#5565=DIRECTION('',(0.0,0.0,-1.0));
#5566=DIRECTION('',(1.0,0.0,0.0));
#5567=DIRECTION('',(0.0,0.0,1.0));
#5568=DIRECTION('',(0.0,1.0,0.0));
#5569=DIRECTION('',(0.0,1.0,0.0));
#5570=DIRECTION('',(0.0,1.0,0.0));
#5571=DIRECTION('',(0.0,1.0,0.0));
#5572=DIRECTION('',(0.0,1.0,0.0));
#5573=DIRECTION('',(0.0,0.0,1.0));
#5574=DIRECTION('',(0.0,1.0,0.0));
#5575=DIRECTION('',(1.0,0.0,0.0));
#5576=DIRECTION('',(0.0,1.0,0.0));
#5577=DIRECTION('',(0.0,0.0,-1.0));
#5578=DIRECTION('',(0.0,1.0,0.0));
#5579=DIRECTION('',(-1.0,0.0,0.0));
#5580=DIRECTION('',(-1.0,0.0,0.0));
#5581=DIRECTION('',(0.0,0.0,-1.0));
#5582=DIRECTION('',(1.0,0.0,0.0));
#5583=DIRECTION('',(0.0,0.0,1.0));
#5584=DIRECTION('',(0.0,1.0,0.0));
#5585=DIRECTION('',(0.0,1.0,0.0));
#5586=DIRECTION('',(0.0,1.0,0.0));
#5587=DIRECTION('',(0.0,1.0,0.0));
ENDSEC;
END-ISO-10303-21;
